arm,margin_mm,target,status,geometry_reference_volume_mm3,geometry_returned_volume_mm3,contour_body_dice,geometry_volume_error_pct,reference_dvh_volume_mm3,returned_dvh_volume_mm3,original_D98_Gy,returned_D98_Gy,delta_D98_Gy,original_Dmean_Gy,returned_Dmean_Gy,delta_Dmean_Gy,delta_V20_pp,integration_step_mm
M00_HDSS,0,GTV09,observed_export,28.992000000000008,28.158719999998578,0.9635074525305463,-2.8741721854353974,28.38750000009004,28.38750000009004,19.59442710876465,19.59442710876465,0.0,23.483991362204534,23.483991362464895,2.603606219508947e-10,0.0,0.05
M00_HDSS,0,GTV16,observed_export,119.23200000000003,118.1721599999941,0.9760582190028531,-0.8888888888938684,117.7232499980802,117.7232499980802,19.908294677734375,19.908294677734375,0.0,23.6585663760957,23.658566376028862,-6.683720243927382e-11,0.0,0.05
M00_HDSS,0,GTV02,observed_export,5.952000000000002,5.614079999999724,0.9309931870408044,-5.677419354843371,5.729999999997983,5.729999999997983,19.23744773864746,19.23744773864746,0.0,21.733604707858703,21.733604707858703,0.0,0.0,0.05
M00_HDSS,0,GTV15,observed_export,119.23200000000003,118.1721599999941,0.9760582190028531,-0.8888888888938684,117.7232499980802,117.7232499980802,20.103891372680664,20.103891372680664,0.0,23.62662231998829,23.626622319978175,-1.0114575843545026e-11,0.0,0.05
M00_HDSS,0,GTV18,observed_export,119.23200000000031,118.17216081528639,0.9760245212860343,-0.8888882051076186,118.18277248369847,118.18277248369847,19.89301872253418,19.89301872253418,0.0,23.556763202164465,23.55676320217655,1.2086331935279304e-11,0.0,0.05
M00_HDSS,0,GTV24,observed_export,120.00000000000031,118.72320324206098,0.9746092399573187,-1.0639972982827817,118.95336677287725,118.95336677287725,19.865535736083984,19.865535736083984,0.0,23.118853974322647,23.118853974334577,1.1930012533412082e-11,0.0,0.05
M00_HDSS,0,GTV14,observed_export,29.76000000000008,28.949756811491383,0.9588755795107253,-2.722591359236204,29.0916396249521,29.0916396249521,20.064071655273438,20.064071655273438,0.0,23.434086695716488,23.434086695716488,0.0,0.0,0.05
M00_HDSS,0,GTV17,observed_export,119.23200000000031,118.17216081528642,0.9760245212860342,-0.8888882051075964,118.18277248369847,118.18277248369847,20.22511100769043,20.22511100769043,0.0,23.92767422049837,23.927674220484263,-1.4107826018516789e-11,0.0,0.05
M00_HDSS,0,GTV01,observed_export,5.952000000000002,5.6140799999997215,0.9309931870408046,-5.6774193548434155,5.729999999997983,5.729999999997983,19.32238006591797,19.32238006591797,0.0,22.30391722042477,22.30391722042477,0.0,0.0,0.05
M00_HDSS,0,GTV11,observed_export,29.120000000000076,28.19071942633468,0.9534175321852564,-3.19121076121357,28.47654996416238,28.47654996416238,19.800500869750977,19.800500869750977,0.0,23.092232370596005,23.092232370587762,-8.242295734817162e-12,0.0,0.05
M00_HDSS,0,GTV03,observed_export,5.952000000000016,5.614078036888123,0.93030150455605,-5.677452337229372,5.732439754540102,5.732439754540102,19.11557388305664,19.11557388305664,0.0,21.667129532149566,21.66712953223158,8.201439527510956e-11,0.0,0.05
M00_HDSS,0,GTV21,observed_export,119.48800000000031,117.77920282091046,0.972169575060451,-1.4300994067101724,118.44167378257906,118.44167378257906,19.861478805541992,19.861478805541992,0.0,23.79603304173006,23.79603304173406,4.000355602329364e-12,0.0,0.05
M00_HDSS,0,GTV13,observed_export,29.76000000000008,28.949756811491383,0.9588755795107253,-2.722591359236204,29.0916396249521,29.0916396249521,19.759244918823242,19.759244918823242,0.0,23.34919362424782,23.349193624207448,-4.037303824588889e-11,0.0,0.05
M00_HDSS,0,GTV07,observed_export,29.504000000000076,28.812800733003495,0.9668082767871365,-2.342730704299689,28.86298061680151,28.86298061680151,19.608999252319336,19.608999252319336,0.0,22.63152893655809,22.631528936525587,-3.250377744734578e-11,0.0,0.05
M00_HDSS,0,GTV04,observed_export,5.952000000000016,5.614078036890085,0.9303015045560548,-5.677452337196409,5.732439754540102,5.732439754540102,19.31584358215332,19.31584358215332,0.0,21.725842341392077,21.725842341392077,0.0,0.0,0.05
M00_HDSS,0,GTV22,observed_export,119.48800000000031,117.7792028209105,0.9721695750604509,-1.4300994067101391,118.44167378257906,118.44167378257906,20.03839111328125,20.03839111328125,0.0,24.28392913589326,24.28392913589526,2.000177801164682e-12,0.0,0.05
M00_HDSS,0,GTV08,observed_export,29.504000000000076,28.812800733003495,0.9668082767871365,-2.342730704299689,28.86298061680151,28.86298061680151,18.921371459960938,18.921371459960938,0.0,23.37634709517672,23.376347095144215,-3.250377744734578e-11,0.0,0.05
M00_HDSS,0,GTV12,observed_export,29.120000000000076,28.190719426322,0.9534175321852528,-3.191210761257113,28.47654996416238,28.47654996416238,20.229259490966797,20.229259490966797,0.0,23.454365884151038,23.45436588420051,4.9471537977296975e-11,0.0,0.05
M00_HDSS,0,GTV06,observed_export,29.50400000000001,28.812799999998557,0.9668425719885202,-2.342733188725088,28.93662500009266,28.93662500009266,20.12164306640625,20.12164306640625,0.0,23.683090760124443,23.683090760618807,4.943636611187685e-10,0.0,0.05
M00_HDSS,0,GTV05,observed_export,29.50400000000001,28.812799999998564,0.9668425719885201,-2.3427331887250658,28.93662500009266,28.93662500009266,19.80098533630371,19.80098533630371,0.0,23.04276699257797,23.042766992841624,2.636539875311428e-10,0.0,0.05
M00_HDSS,0,GTV10,observed_export,28.992000000000008,28.158719999998606,0.963507452530546,-2.8741721854352975,28.38750000009004,28.38750000009004,18.95914649963379,18.95914649963379,0.0,22.76713287688962,22.76713287683083,-5.879030595679069e-11,0.0,0.05
M00_HDSS,0,GTV23,observed_export,120.00000000000031,118.72320324206098,0.9746092399573187,-1.0639972982827817,118.95336677287725,118.95336677287725,19.978321075439453,19.978321075439453,0.0,23.12667686593694,23.12667686593098,-5.9614535530272406e-12,0.0,0.05
M00_HDSS,0,GTV19,observed_export,119.61600000000003,118.26047999999409,0.9734991937031904,-1.13322632424252,118.42487499806361,118.42487499806361,19.73756217956543,19.73756217956543,0.0,23.708735838621415,23.708735838536857,-8.455813826913072e-11,0.0,0.05
M00_HDSS,0,GTV20,observed_export,119.61600000000003,118.26047999999409,0.9734991937031904,-1.13322632424252,118.42487499806361,118.42487499806361,19.918516159057617,19.918516159057617,0.0,24.19219406833276,24.192194068272364,-6.039613253960852e-11,0.0,0.05
M00_STD,0,GTV09,observed_export,28.992000000000008,25.87500000000001,0.8582210474801125,-10.751241721854289,28.38750000009004,25.875000000077822,19.59442710876465,18.794357299804688,-0.8000698089599609,23.483991362204534,23.509155671941986,0.025164309737451873,-1.887700912498687,0.05
M00_STD,0,GTV16,observed_export,119.23200000000003,116.05,0.9288513358437958,-2.6687466451959407,117.7232499980802,116.04999999811977,19.908294677734375,19.535240173339844,-0.37305450439453125,23.6585663760957,23.62819742172833,-0.030368954367368417,-1.590073184313752,0.05
M00_STD,0,GTV02,observed_export,5.952000000000002,5.350000000000001,0.8479915059281543,-10.114247311827961,5.729999999997983,5.349999999998869,19.23744773864746,18.589908599853516,-0.6475391387939453,21.733604707858703,21.720315685588762,-0.013289022269940887,-3.842699515584812,0.05
M00_STD,0,GTV15,observed_export,119.23200000000003,110.97500000000002,0.9115448270469622,-6.925154320987659,117.7232499980802,110.9749999982398,20.103891372680664,19.91975975036621,-0.18413162231445312,23.62662231998829,23.721276366867244,0.09465404687895429,-0.5978246906311,0.05
M00_STD,0,GTV18,observed_export,119.23200000000031,117.42500000000001,0.9226859046187482,-1.5155327428880594,118.18277248369847,117.42499999925333,19.89301872253418,19.27971076965332,-0.6133079528808594,23.556763202164465,23.49852184738251,-0.05824135478195558,-2.1778156290567807,0.05
M00_STD,0,GTV24,observed_export,120.00000000000031,114.37937499999998,0.9228493092805644,-4.683854166666935,118.95336677287725,114.37937500134788,19.865535736083984,19.729286193847656,-0.13624954223632812,23.118853974322647,23.182571418666413,0.0637174443437658,-0.4687692712696645,0.05
M00_STD,0,GTV14,observed_export,29.76000000000008,28.518125000000026,0.8853578452990662,-4.172967069892641,29.0916396249521,28.518125000028075,20.064071655273438,20.077747344970703,0.013675689697265625,23.434086695716488,23.423518727763597,-0.010567967952891166,0.0722752143069556,0.05
M00_STD,0,GTV17,observed_export,119.23200000000031,111.72499999999997,0.9178303526179972,-6.2961285560925955,118.18277248369847,111.72500000017813,20.22511100769043,20.0760555267334,-0.14905548095703125,23.92767422049837,24.03058470747249,0.10291048697411753,-0.5492274927947847,0.05
M00_STD,0,GTV01,observed_export,5.952000000000002,3.6750000000000003,0.7218759738236211,-38.25604838709678,5.729999999997983,3.6750000000016185,19.32238006591797,19.248762130737305,-0.07361793518066406,22.30391722042477,22.475362334144194,0.17144511371942528,-2.0715710367853433,0.05
M00_STD,0,GTV11,observed_export,29.120000000000076,26.136249999999997,0.8540682651334613,-10.246394230769473,28.47654996416238,26.136249999987744,19.800500869750977,19.040802001953125,-0.7596988677978516,23.092232370596005,23.108256868682716,0.016024498086711247,-2.032878047224628,0.05
M00_STD,0,GTV03,observed_export,5.952000000000016,3.786249999999999,0.7210418405794661,-36.38692876344105,5.732439754540102,3.7862500000017865,19.11557388305664,16.76474952697754,-2.3508243560791016,21.667129532149566,21.962219017957228,0.2950894858076616,3.1593804451876935,0.05
M00_STD,0,GTV21,observed_export,119.48800000000031,115.73625,0.9197977757653223,-3.1398550482059306,118.44167378257906,115.73625000027887,19.861478805541992,19.818437576293945,-0.043041229248046875,23.79603304173006,23.799097943902687,0.0030649021726283365,-0.12680396336470778,0.05
M00_STD,0,GTV13,observed_export,29.76000000000008,26.465625,0.8572162473442418,-11.069808467742181,29.0916396249521,26.465624999968682,19.759244918823242,18.63972282409668,-1.1195220947265625,23.34919362424782,23.42852184824553,0.07932822399770956,-2.297305428304327,0.05
M00_STD,0,GTV07,observed_export,29.504000000000076,25.774999999999988,0.8765783570614517,-12.63896420824322,28.86298061680151,25.775000000077565,19.608999252319336,19.397384643554688,-0.21161460876464844,22.63152893655809,22.821633212856124,0.19010427629803317,-0.36407825161403196,0.05
M00_STD,0,GTV04,observed_export,5.952000000000016,5.474999999999998,0.8123067925802384,-8.014112903226088,5.732439754540102,5.474999999997747,19.31584358215332,18.68293571472168,-0.6329078674316406,21.725842341392077,21.678249692352452,-0.047592649039625456,-4.472088770896875,0.05
M00_STD,0,GTV22,observed_export,119.48800000000031,113.47374999999997,0.916081136643565,-5.0333506293521735,118.44167378257906,113.47374999838335,20.03839111328125,19.964181900024414,-0.07420921325683594,24.28392913589326,24.357487652300335,0.07355851640707556,-0.15376889740437605,0.05
M00_STD,0,GTV08,observed_export,29.504000000000076,28.336249999999996,0.8724217668382579,-3.9579379067247733,28.86298061680151,28.3362499998929,18.921371459960938,18.322256088256836,-0.5991153717041016,23.37634709517672,23.234327421895337,-0.1420196732813821,-3.876154295219777,0.05
M00_STD,0,GTV12,observed_export,29.120000000000076,26.950000000000003,0.8793322484203315,-7.451923076923306,28.47654996416238,26.950000000010128,20.229259490966797,20.12190818786621,-0.10735130310058594,23.454365884151038,23.465049779320115,0.010683895169076862,-0.33827437677892647,0.05
M00_STD,0,GTV06,observed_export,29.50400000000001,27.700000000000003,0.8834871687294596,-6.114425162689818,28.93662500009266,27.700000000086757,20.12164306640625,18.861499786376953,-1.2601432800292969,23.683090760124443,23.63879707131918,-0.044293688805264964,-3.196100016565879,0.05
M00_STD,0,GTV05,observed_export,29.50400000000001,25.525,0.8727670864453287,-13.486306941431703,28.93662500009266,25.52500000007637,19.80098533630371,19.466405868530273,-0.3345794677734375,23.04276699257797,23.258819841759905,0.2160528491819349,-0.8237864017660428,0.05
M00_STD,0,GTV10,observed_export,28.992000000000008,26.700000000000003,0.8749820440996914,-7.905629139072867,28.38750000009004,26.70000000008198,18.95914649963379,18.950977325439453,-0.008169174194335938,22.76713287688962,22.77489955610255,0.007766679212931393,-0.866950905157509,0.05
M00_STD,0,GTV23,observed_export,120.00000000000031,117.29312499999999,0.9214861326599276,-2.255729166666931,118.95336677287725,117.2931249998614,19.978321075439453,19.327709197998047,-0.6506118774414062,23.12667686593694,23.099450348857008,-0.02722651707993151,-2.554018281701957,0.05
M00_STD,0,GTV19,observed_export,119.61600000000003,114.49749999999997,0.9155695033827552,-4.2791098180845815,118.42487499806361,114.4974999997034,19.73756217956543,19.539344787597656,-0.19821739196777344,23.708735838621415,23.72478202438427,0.01604618576285688,-0.6157183018362105,0.05
M00_STD,0,GTV20,observed_export,119.61600000000003,114.025,0.9197523790268471,-4.674123863028379,118.42487499806361,114.02499999987762,19.918516159057617,19.735898971557617,-0.1826171875,24.19219406833276,24.230897428072982,0.03870335974022154,-0.3078671121825636,0.05
M01_STD,1,PTV11,observed_export,104.89600000000027,99.53750000000001,0.9125471276857896,-5.108393075045992,104.0519019923405,99.5374999991524,20.18935775756836,19.914960861206055,-0.2743968963623047,23.291959161355322,23.323207323807424,0.03124816245210127,-0.7863352376553792,0.05
M01_STD,1,PTV16,observed_export,281.7920000000001,279.15,0.9451119723607793,-0.9375709743357219,280.5958749998212,279.14999999952664,20.14811897277832,19.616127014160156,-0.5319919586181641,23.457219489187842,23.418878559654974,-0.03834092953286827,-1.8430798423572554,0.05
M01_STD,1,PTV14,observed_export,108.35200000000029,104.74312500000003,0.9207789066916207,-3.330695326343991,107.51494992363463,104.74312500091077,20.23572540283203,19.88572883605957,-0.34999656677246094,23.906028416920325,23.905319346006483,-0.0007090709138424245,-0.9130270442006037,0.05
M01_STD,1,PTV15,observed_export,273.6000000000001,269.97499999999997,0.9474985052660626,-1.324926900584833,272.4118749981539,269.97499999765745,19.96192741394043,19.640239715576172,-0.3216876983642578,23.65018839526163,23.64527914989375,-0.004909245367880288,-0.9383931621142381,0.05
M01_STD,1,PTV19,observed_export,291.6480000000001,287.36999999999995,0.9405292810294009,-1.4668367346939215,290.3442500018072,287.37000000160214,20.099111557006836,19.83869743347168,-0.26041412353515625,24.21830996438066,24.199026851082323,-0.019283113298335763,-0.6484422092637487,0.05
M01_STD,1,PTV01,observed_export,31.296000000000006,30.274999999999995,0.9069448279222361,-3.262397750511281,30.83800000010174,30.275000000099052,19.719972610473633,19.50358772277832,-0.2163848876953125,22.85750783642707,22.890715425339266,0.03320758891219455,-0.7374075701721097,0.05
M01_STD,1,PTV04,observed_export,36.416000000000096,33.82499999999999,0.8794092400078594,-7.115004393673385,36.01699456546238,33.82499999990178,20.668872833251953,20.02056884765625,-0.6483039855957031,23.52945739557781,23.538869564741756,0.009412169163944384,-1.3745789978834466,0.05
M01_STD,1,PTV12,observed_export,104.89600000000027,101.73750000000001,0.9219750541612461,-3.0110776388043936,104.0519019923405,101.73750000044727,20.191856384277344,19.958641052246094,-0.23321533203125,24.073974557653337,24.08699869806295,0.013024140409612528,-0.5882763857319162,0.05
M01_STD,1,PTV02,observed_export,36.41600000000001,35.699999999999996,0.89100893005713,-1.9661687170474895,36.02600000001208,35.70000000001979,19.504539489746094,18.766836166381836,-0.7377033233642578,22.6390320912572,22.55276723468422,-0.08626485657297778,-3.690589864991523,0.05
M01_STD,1,PTV24,observed_export,289.4720000000008,281.354375,0.9420894548570545,-2.804286770396014,288.2637311502741,281.3543749968634,19.87938690185547,19.804330825805664,-0.07505607604980469,23.240837663242765,23.276598318088535,0.03576065484577029,-0.1335901138618425,0.05
M01_STD,1,PTV08,observed_export,101.95200000000027,98.04999999999998,0.9147453434549905,-3.8272912743254395,101.1118259713745,98.05000000039846,19.639564514160156,19.433942794799805,-0.20562171936035156,23.624690082535622,23.61747685564085,-0.007213226894773328,-0.9599690001026318,0.05
M01_STD,1,PTV09,observed_export,104.51200000000003,97.10000000000004,0.9069946956274568,-7.0920085731781874,103.63387499841338,97.10000000017293,19.720802307128906,19.611650466918945,-0.10915184020996094,23.695122193539508,23.785710363978154,0.09058817043864664,-0.04020280541406862,0.05
M01_STD,1,PTV06,observed_export,101.95200000000003,98.05000000000003,0.9016609833901661,-3.827291274325173,101.0194999984752,98.04999999854542,19.89785385131836,19.28028678894043,-0.6175670623779297,23.151849618726526,23.133664286510214,-0.018185332216312133,-2.4152025272261284,0.05
M01_STD,1,PTV18,observed_export,281.7920000000007,275.775,0.9429853516021237,-2.1352628889396152,280.5463362515012,275.7749999995792,20.20806884765625,19.992835998535156,-0.21523284912109375,23.815760828410806,23.82098545423693,0.005224625826123486,-0.7692548154373071,0.05
M01_STD,1,PTV05,observed_export,101.95200000000003,97.125,0.9234165674588224,-4.734580979284397,101.0194999984752,97.12499999856729,20.147253036499023,19.948591232299805,-0.19866180419921875,23.464298193198797,23.521367269268907,0.05706907607011047,-0.7176124513643316,0.05
M01_STD,1,PTV20,observed_export,291.6480000000001,286.14750000000004,0.9415406406610858,-1.8860064186965286,290.3442500018072,286.1475000020672,20.317123413085938,20.176610946655273,-0.14051246643066406,23.954441855697606,23.965458356203445,0.011016500505839133,-0.34006869976462895,0.05
M01_STD,1,PTV03,observed_export,36.416000000000096,33.12500000000001,0.8832105155374835,-9.037236379613578,36.01699456546238,33.12500000003571,20.168819427490234,19.659135818481445,-0.5096836090087891,22.918366814223752,22.995826211576546,0.0774593973527935,-1.4984431880643285,0.05
M01_STD,1,PTV10,observed_export,104.38400000000003,100.73750000000001,0.930026351585462,-3.4933514714899028,103.4678749984173,100.73750000145736,19.580198287963867,18.980024337768555,-0.6001739501953125,23.66526369722531,23.646397782808517,-0.01886591441679286,-1.8044707689638955,0.05
M01_STD,1,PTV13,observed_export,108.35200000000029,103.98062499999997,0.9161503563716638,-4.034420222977242,107.51494992363463,103.9806249999309,19.971424102783203,19.607275009155273,-0.3641490936279297,22.76621748297865,22.776818718459474,0.01060123548082359,-1.4176172018179045,0.05
M01_STD,1,PTV07,observed_export,101.95200000000027,95.13624999999996,0.9144214770589763,-6.685253844946926,101.1118259713745,95.13625000022695,19.86285972595215,19.704504013061523,-0.158355712890625,23.448946159272996,23.558104677103653,0.10915851783065733,-0.4930763858849616,0.05
M01_STD,1,PTV23,observed_export,289.4720000000008,283.58625000000006,0.9417284607286516,-2.0332709208492394,288.2637311502741,283.58624999743665,19.62100601196289,19.340404510498047,-0.28060150146484375,23.892042039508123,23.901714695863866,0.009672656355743214,-0.7252956016540679,0.05
M01_STD,1,PTV17,observed_export,281.7920000000007,273.285,0.9393211155519493,-3.018893368158315,280.5463362515012,273.285000002112,20.086484909057617,19.863279342651367,-0.22320556640625,24.21373379574344,24.24746792743433,0.03373413169088835,-0.47830631251305533,0.05
M01_STD,1,PTV22,observed_export,288.9600000000008,281.38624999999996,0.9377973244777499,-2.6210375138430164,287.75574868007527,281.3862500001789,20.328197479248047,20.27004051208496,-0.05815696716308594,24.049013184406327,24.071434864203084,0.022421679796757132,-0.14440195530518452,0.05
M01_STD,1,PTV21,observed_export,288.9600000000008,280.77937499999996,0.9426019736784562,-2.8310579318939655,287.75574868007527,280.7793750004347,19.930879592895508,19.78519630432129,-0.14568328857421875,23.147380069241283,23.168513153638365,0.021133084397082058,-0.4256306758664721,0.05
M01_HDSS,1,PTV11,observed_export,104.89600000000027,103.65952318867934,0.9746703767588414,-1.1787645013355386,104.0519019923405,104.0519019923405,20.18935775756836,20.18935775756836,0.0,23.291959161355322,23.291959161357596,2.2737367544323206e-12,0.0,0.05
M01_HDSS,1,PTV16,observed_export,281.7920000000001,280.42495999998596,0.9829856065551531,-0.48512377924644356,280.5958749998212,280.5958749998212,20.14811897277832,20.14811897277832,0.0,23.457219489187842,23.457219489110518,-7.73248132190929e-11,0.0,0.05
M01_HDSS,1,PTV14,observed_export,108.35200000000029,107.23456334202757,0.9754090893152869,-1.0313022906570435,107.51494992363463,107.51494992363463,20.23572540283203,20.23572540283203,0.0,23.906028416920325,23.906028416935627,1.5301537814593758e-11,0.0,0.05
M01_HDSS,1,PTV15,observed_export,273.6000000000001,272.1868799999865,0.9837927994405036,-0.5164912280751333,272.4118749981539,272.4118749981539,19.96192741394043,19.96192741394043,0.0,23.65018839526163,23.650188395374535,1.1290524071227992e-10,0.0,0.05
M01_HDSS,1,PTV19,observed_export,291.6480000000001,289.9852799999855,0.9811294551333667,-0.5701119157390355,290.3442500018072,290.3442500018072,20.099111557006836,20.099111557006836,0.0,24.21830996438066,24.218309964351096,-2.956213052129897e-11,0.0,0.05
M01_HDSS,1,PTV01,observed_export,31.296000000000006,30.650879999998466,0.9745622620581651,-2.0613496932564535,30.83800000010174,30.83800000010174,19.719972610473633,19.719972610473633,0.0,22.85750783642707,22.857507836651283,2.2421176026909961e-10,0.0,0.05
M01_HDSS,1,PTV04,observed_export,36.416000000000096,35.77088288642444,0.9695520982021748,-1.7715210719893904,36.01699456546238,36.01699456546238,20.668872833251953,20.668872833251953,0.0,23.52945739557781,23.52945739561046,3.2649438708176604e-11,0.0,0.05
M01_HDSS,1,PTV12,observed_export,104.89600000000027,103.65952318871302,0.9746703767588424,-1.178764501303431,104.0519019923405,104.0519019923405,20.191856384277344,20.191856384277344,0.0,24.073974557653337,24.073974557682906,2.956923594865657e-11,0.0,0.05
M01_HDSS,1,PTV02,observed_export,36.41600000000001,35.77087999999822,0.9694135680151742,-1.7715289982474403,36.02600000001208,36.02600000001208,19.504539489746094,19.504539489746094,0.0,22.6390320912572,22.639032091396178,1.389786064009968e-10,0.0,0.05
M01_HDSS,1,PTV24,observed_export,289.4720000000008,287.8879912990488,0.9821872834157328,-0.5472061895285152,288.2637311502741,288.2637311502741,19.87938690185547,19.87938690185547,0.0,23.240837663242765,23.240837663232043,-1.0722089882619912e-11,0.0,0.05
M01_HDSS,1,PTV08,observed_export,101.95200000000027,100.95360218115637,0.9790366833961924,-0.979282229719769,101.1118259713745,101.1118259713745,19.639564514160156,19.639564514160156,0.0,23.624690082535622,23.624690082528648,-6.973976951485383e-12,0.0,0.05
M01_HDSS,1,PTV09,observed_export,104.51200000000003,103.37151999999483,0.9779322463744169,-1.0912431108439202,103.63387499841338,103.63387499841338,19.720802307128906,19.720802307128906,0.0,23.695122193539508,23.695122193401478,-1.3803003184875706e-10,0.0,0.05
M01_HDSS,1,PTV06,observed_export,101.95200000000003,100.95359999999494,0.9789873993832755,-0.9792843691198705,101.0194999984752,101.0194999984752,19.89785385131836,19.89785385131836,0.0,23.151849618726526,23.151849618809127,8.260059303211165e-11,0.0,0.05
M01_HDSS,1,PTV18,observed_export,281.7920000000007,280.42495320165403,0.9829375823209779,-0.4851261917821259,280.5463362515012,280.5463362515012,20.20806884765625,20.20806884765625,0.0,23.815760828410806,23.815760828394726,-1.6079582110251067e-11,0.0,0.05
M01_HDSS,1,PTV05,observed_export,101.95200000000003,100.95359999999494,0.9789873993832755,-0.9792843691198705,101.0194999984752,101.0194999984752,20.147253036499023,20.147253036499023,0.0,23.464298193198797,23.46429819286365,-3.3514524488964526e-10,0.0,0.05
M01_HDSS,1,PTV20,observed_export,291.6480000000001,289.9852799999855,0.9811294551333667,-0.5701119157390355,290.3442500018072,290.3442500018072,20.317123413085938,20.317123413085938,0.0,23.954441855697606,23.954441855626165,-7.144151936699927e-11,0.0,0.05
M01_HDSS,1,PTV03,observed_export,36.416000000000096,35.77088288641282,0.9695520982021737,-1.771521072021287,36.01699456546238,36.01699456546238,20.168819427490234,20.168819427490234,0.0,22.918366814223752,22.918366814249875,2.6123103680220083e-11,0.0,0.05
M01_HDSS,1,PTV10,observed_export,104.38400000000003,103.2319999999948,0.9782170208070682,-1.1036174126352938,103.4678749984173,103.4678749984173,19.580198287963867,19.580198287963867,0.0,23.66526369722531,23.665263697356654,1.3134382470525452e-10,0.0,0.05
M01_HDSS,1,PTV13,observed_export,108.35200000000029,107.23456334202758,0.9754090893152867,-1.0313022906570213,107.51494992363463,107.51494992363463,19.971424102783203,19.971424102783203,0.0,22.76621748297865,22.766217483000506,2.1856294551980682e-11,0.0,0.05
M01_HDSS,1,PTV07,observed_export,101.95200000000027,100.95360218115638,0.9790366833961922,-0.9792822297197468,101.1118259713745,101.1118259713745,19.86285972595215,19.86285972595215,0.0,23.448946159272996,23.44894615926835,-4.646949491871055e-12,0.0,0.05
M01_HDSS,1,PTV23,observed_export,289.4720000000008,287.8879912990488,0.9821872834157328,-0.5472061895285152,288.2637311502741,288.2637311502741,19.62100601196289,19.62100601196289,0.0,23.892042039508123,23.89204203951472,6.59738930153253e-12,0.0,0.05
M01_HDSS,1,PTV17,observed_export,281.7920000000007,280.42495320165403,0.9829375823209777,-0.4851261917821259,280.5463362515012,280.5463362515012,20.086484909057617,20.086484909057617,0.0,24.21373379574344,24.213733795688437,-5.5003113175189355e-11,0.0,0.05
M01_HDSS,1,PTV22,observed_export,288.9600000000008,286.943988586579,0.9808882652903975,-0.6976783684322307,287.75574868007527,287.75574868007527,20.328197479248047,20.328197479248047,0.0,24.049013184406327,24.04901318441623,9.901413022816996e-12,0.0,0.05
M01_HDSS,1,PTV21,observed_export,288.9600000000008,286.943988586579,0.9808882652903975,-0.6976783684322307,287.75574868007527,287.75574868007527,19.930879592895508,19.930879592895508,0.0,23.147380069241283,23.14738006924211,8.277822871605167e-13,0.0,0.05
M02_STD,2,PTV09,observed_export,279.10400000000004,273.0750000000001,0.9385077378929959,-2.160126691125863,277.07324999910355,273.07499999832913,19.691011428833008,18.497671127319336,-1.1933403015136719,24.31751562622196,24.25625894623843,-0.06125667998353279,-1.610347853197112,0.05
M02_STD,2,PTV11,observed_export,284.09600000000074,273.58624999999995,0.9374209924539378,-3.6993657073667974,282.77976699132205,273.586249999861,20.24959945678711,20.108552932739258,-0.14104652404785156,23.755965160749405,23.796226063091193,0.04026090234178881,-0.5170662582541041,0.05
M02_STD,2,PTV19,observed_export,610.6240000000001,601.1975,0.9552517255775561,-1.5437486898648212,608.7928750666837,601.1975000433755,20.034318923950195,19.907278060913086,-0.12704086303710938,23.651980009080752,23.6564918099177,0.004511800836947799,-0.3499724700795923,0.05
M02_STD,2,PTV15,observed_export,578.1120000000002,560.675,0.950396342775251,-3.0161975534153007,575.6495000599315,560.6750000568809,19.979921340942383,19.964584350585938,-0.015336990356445312,23.497103456161142,23.5476576927855,0.05055423662435743,-0.028698754592468845,0.05
M02_STD,2,PTV16,observed_export,578.1120000000002,568.5,0.959932392125671,-1.662653603454034,575.6495000599315,568.5000000584749,19.68365478515625,19.631572723388672,-0.052082061767578125,24.035284468045273,24.059711036777365,0.02442656873209259,-0.04713424798943322,0.05
M02_STD,2,PTV07,observed_export,268.73600000000073,257.34874999999994,0.9407186255288167,-4.237337014765707,267.34582770280565,257.34874999320726,19.71426773071289,19.666271209716797,-0.04799652099609375,23.268084894983954,23.342575455014124,0.07449056003017063,-0.35647578337488994,0.05
M02_STD,2,PTV06,observed_export,268.73600000000005,263.9000000000001,0.9455857283398043,-1.7995356037151522,267.3586249971244,263.8999999964198,19.85152816772461,19.116958618164062,-0.7345695495605469,23.731784631138126,23.700615000306403,-0.031169630831723083,-1.5416595185646713,0.05
M02_STD,2,PTV05,observed_export,261.05600000000004,253.22500000000002,0.9450271349709595,-2.9997395194900744,259.68662499556143,253.22499999487601,20.114042282104492,20.04538345336914,-0.06865882873535156,23.99234823898479,24.049393136179408,0.05704489719461847,-0.2536729786656622,0.05
M02_STD,2,PTV20,observed_export,613.8240000000002,603.5375000000001,0.9538643058832327,-1.675806094255039,611.9788750673328,603.5375000080683,20.5269718170166,20.29401397705078,-0.2329578399658203,24.23127083070443,24.23216430374499,0.0008934730405592006,-0.5699646990306775,0.05
M02_STD,2,PTV10,observed_export,278.08000000000004,267.77500000000003,0.9412797861169014,-3.705768124280784,276.0352499988921,267.774999997021,19.87480926513672,19.74032974243164,-0.13447952270507812,23.704897487130147,23.74452016002212,0.039622672891972854,-0.40714941305978414,0.05
M02_STD,2,PTV14,observed_export,287.9360000000008,281.4000000000001,0.9450329112832246,-2.2699488775285714,286.5304252896613,281.4000000039229,19.72598648071289,19.546131134033203,-0.1798553466796875,23.416381172413068,23.43863572931028,0.022254556897213007,-0.6472895340506994,0.05
M02_STD,2,PTV08,observed_export,268.73600000000073,261.9,0.9396369143241138,-2.5437604191476892,267.34582770280565,261.90000000036554,19.72624969482422,19.33452033996582,-0.39172935485839844,23.394032842327363,23.402372216749367,0.008339374422003942,-1.4024166479617008,0.05
M02_STD,2,PTV18,observed_export,578.1120000000016,568.19875,0.954821761965327,-1.7147628833169892,576.3581712798699,568.198750008867,19.858259201049805,19.794599533081055,-0.06365966796875,23.727125027671146,23.75016520601835,0.023040178347205398,-0.22479931844542023,0.05
M02_STD,2,PTV24,observed_export,604.0320000000016,588.6362499999999,0.9545974395238955,-2.5488301944270653,602.2698803708038,588.6362499614249,20.345258712768555,20.267539978027344,-0.07771873474121094,24.51655096310146,24.566267753021286,0.04971678991982742,-0.3504768960271747,0.05
M02_STD,2,PTV03,observed_export,142.27200000000036,136.35000000000005,0.9258273814063004,-4.162449392712753,141.3499067604155,136.34999999861245,20.02962875366211,19.29522705078125,-0.7344017028808594,23.445472514321963,23.458179874921555,0.012707360599591766,-2.011241374207131,0.05
M02_STD,2,PTV02,observed_export,142.27200000000002,139.05,0.9421516980541872,-2.264676113360331,141.12849999752675,139.0499999975759,20.23533821105957,19.99903678894043,-0.23630142211914062,23.489919598246793,23.481719038967,-0.008200559279792685,-0.6741270522303608,0.05
M02_STD,2,PTV12,observed_export,284.09600000000074,277.21250000000003,0.9436939450073312,-2.4229485807616746,282.77976699132205,277.21250000140463,19.904325485229492,19.606149673461914,-0.2981758117675781,23.54579303749229,23.559974265692336,0.014181228200044416,-0.7923721066194389,0.05
M02_STD,2,PTV13,observed_export,287.9360000000008,279.51812499999994,0.9383352895179272,-2.923522935652645,286.5304252896613,279.5181249954146,19.782400131225586,19.409950256347656,-0.3724498748779297,23.628211283435665,23.65106083070845,0.02284954727278432,-1.390394450380228,0.05
M02_STD,2,PTV04,observed_export,142.27200000000036,137.54999999999998,0.9300156687253861,-3.318994601889591,141.3499067604155,137.54999999764655,20.387657165527344,20.39821434020996,0.010557174682617188,24.013199992186497,24.035889454892352,0.02268946270585559,-0.1777093173787705,0.05
M02_STD,2,PTV01,observed_export,142.27200000000002,132.22500000000002,0.9190300804744679,-7.061825236167341,141.12849999752675,132.22499999773729,19.897579193115234,19.76561164855957,-0.13196754455566406,22.917307881679356,23.011384774178296,0.09407689249893991,-0.6970982473255845,0.05
M02_STD,2,PTV23,observed_export,604.0320000000016,595.1750000000001,0.9555216147426593,-1.4663130430178417,602.2698803708038,595.1750000069004,19.78386116027832,19.61152458190918,-0.17233657836914062,24.07590630891194,24.086148007935847,0.010241699023907813,-0.3682621448733556,0.05
M02_STD,2,PTV22,observed_export,608.1920000000016,595.3499999999998,0.9525521112912313,-2.111504261812347,606.4380502680166,595.3500000252317,19.817821502685547,19.775667190551758,-0.04215431213378906,23.31791391962476,23.33817040417261,0.020256484547850562,-0.03289709832093024,0.05
M02_STD,2,PTV21,observed_export,608.1920000000016,595.8056250000001,0.9556215321475756,-2.0365895967065506,606.4380502680166,595.8056249963608,19.949298858642578,19.709575653076172,-0.23972320556640625,23.61579503350119,23.638380891369323,0.022585857868133274,-0.5617169171317471,0.05
M02_STD,2,PTV17,observed_export,578.1120000000016,562.24875,0.9533393594815057,-2.743975215875394,576.3581712798699,562.2487500070172,19.71381378173828,19.534440994262695,-0.17937278747558594,24.0874295477806,24.126008391182083,0.03857884340148132,-0.22637472211116005,0.05
M02_HDSS,2,PTV09,observed_export,279.10400000000004,277.4911999999861,0.9849252776690111,-0.5778491171799516,277.07324999910355,277.07324999910355,19.691011428833008,19.691011428833008,0.0,24.31751562622196,24.31751562605417,-1.6779111433606886e-10,0.0,0.05
M02_HDSS,2,PTV11,observed_export,284.09600000000074,282.32959450363234,0.9821806691309863,-0.6217635927180942,282.77976699132205,282.77976699132205,20.24959945678711,20.24959945678711,0.0,23.755965160749405,23.755965160755277,5.872635711057228e-12,0.0,0.05
M02_HDSS,2,PTV19,observed_export,610.6240000000001,608.3967999999695,0.9867291951826197,-0.36474164134240317,608.7928750666837,608.7928750666837,20.034318923950195,20.034318923950195,0.0,23.651980009080752,23.651980009096807,1.6054713114499464e-11,0.0,0.05
M02_HDSS,2,PTV15,observed_export,578.1120000000002,576.1919999999712,0.9877549786852189,-0.33211557622553345,575.6495000599315,575.6495000599315,19.979921340942383,19.979921340942383,0.0,23.497103456161142,23.497103456161554,4.121147867408581e-13,0.0,0.05
M02_HDSS,2,PTV16,observed_export,578.1120000000002,576.1919999999712,0.9877549786852189,-0.33211557622553345,575.6495000599315,575.6495000599315,19.68365478515625,19.68365478515625,0.0,24.035284468045273,24.035284468048587,3.3146818623208674e-12,0.0,0.05
M02_HDSS,2,PTV07,observed_export,268.73600000000073,267.2767961230478,0.9857454932423113,-0.5429878680016542,267.34582770280565,267.34582770280565,19.71426773071289,19.71426773071289,0.0,23.268084894983954,23.26808489498573,1.7763568394002505e-12,0.0,0.05
M02_HDSS,2,PTV06,observed_export,268.73600000000005,267.2767999999867,0.9857678807890486,-0.5429864253443384,267.3586249971244,267.3586249971244,19.85152816772461,19.85152816772461,0.0,23.731784631138126,23.731784631218385,8.025935471778212e-11,0.0,0.05
M02_HDSS,2,PTV05,observed_export,261.05600000000004,259.596799999987,0.9859548191160173,-0.5589605295465483,259.68662499556143,259.68662499556143,20.114042282104492,20.114042282104492,0.0,23.99234823898479,23.992348238965505,-1.928412984852912e-11,0.0,0.05
M02_HDSS,2,PTV20,observed_export,613.8240000000002,611.5967999999693,0.9865407338887451,-0.3628401626575073,611.9788750673328,611.9788750673328,20.5269718170166,20.5269718170166,0.0,24.23127083070443,24.2312708307056,1.1688428003253648e-12,0.0,0.05
M02_HDSS,2,PTV10,observed_export,278.08000000000004,276.46719999998624,0.9851544561313003,-0.5799769850452385,276.0352499988921,276.0352499988921,19.87480926513672,19.87480926513672,0.0,23.704897487130147,23.70489748727006,1.3991297009852133e-10,0.0,0.05
M02_HDSS,2,PTV14,observed_export,287.9360000000008,286.3231941037901,0.9838677937729056,-0.5601265198553307,286.5304252896613,286.5304252896613,19.72598648071289,19.72598648071289,0.0,23.416381172413068,23.4163811724197,6.632916438320535e-12,0.0,0.05
M02_HDSS,2,PTV08,observed_export,268.73600000000073,267.2767961230478,0.9857454932423113,-0.5429878680016542,267.34582770280565,267.34582770280565,19.72624969482422,19.72624969482422,0.0,23.394032842327363,23.394032842335356,7.993605777301127e-12,0.0,0.05
M02_HDSS,2,PTV18,observed_export,578.1120000000016,576.1920026268997,0.9877801020365404,-0.332115121827925,576.3581712798699,576.3581712798699,19.858259201049805,19.858259201049805,0.0,23.727125027671146,23.727125027662524,-8.622436098448816e-12,0.0,0.05
M02_HDSS,2,PTV24,observed_export,604.0320000000016,601.9584049869957,0.9870941911778157,-0.3432922449482678,602.2698803708038,602.2698803708038,20.345258712768555,20.345258712768555,0.0,24.51655096310146,24.516550963135685,3.4226843581564026e-11,0.0,0.05
M02_HDSS,2,PTV03,observed_export,142.27200000000036,141.1199992210724,0.9796200819482825,-0.8097171466823871,141.3499067604155,141.3499067604155,20.02962875366211,20.02962875366211,0.0,23.445472514321963,23.445472514321963,0.0,0.0,0.05
M02_HDSS,2,PTV02,observed_export,142.27200000000002,141.11999999999296,0.979680069598336,-0.8097165991952537,141.12849999752675,141.12849999752675,20.23533821105957,20.23533821105957,0.0,23.489919598246793,23.489919598300858,5.406519676398602e-11,0.0,0.05
M02_HDSS,2,PTV12,observed_export,284.09600000000074,282.3295945037241,0.982180669130987,-0.6217635926857978,282.77976699132205,282.77976699132205,19.904325485229492,19.904325485229492,0.0,23.54579303749229,23.54579303746712,-2.517097641430155e-11,0.0,0.05
M02_HDSS,2,PTV13,observed_export,287.9360000000008,286.32319410379006,0.9838677937729056,-0.5601265198553529,286.5304252896613,286.5304252896613,19.782400131225586,19.782400131225586,0.0,23.628211283435665,23.628211283440645,4.980904577678302e-12,0.0,0.05
M02_HDSS,2,PTV04,observed_export,142.27200000000036,141.11999922111823,0.9796200819482832,-0.8097171466501685,141.3499067604155,141.3499067604155,20.387657165527344,20.387657165527344,0.0,24.013199992186497,24.013199992237038,5.0540904794615926e-11,0.0,0.05
M02_HDSS,2,PTV01,observed_export,142.27200000000002,141.11999999999293,0.979680069598336,-0.8097165991952648,141.12849999752675,141.12849999752675,19.897579193115234,19.897579193115234,0.0,22.917307881679356,22.91730788163712,-4.2234660213580355e-11,0.0,0.05
M02_HDSS,2,PTV23,observed_export,604.0320000000016,601.9584049869957,0.9870941911778155,-0.3432922449482678,602.2698803708038,602.2698803708038,19.78386116027832,19.78386116027832,0.0,24.07590630891194,24.075906308872604,-3.9335645851679146e-11,0.0,0.05
M02_HDSS,2,PTV22,observed_export,608.1920000000016,605.6576061361093,0.9862106293874885,-0.4167095035601087,606.4380502680166,606.4380502680166,19.817821502685547,19.817821502685547,0.0,23.31791391962476,23.31791391963927,1.4509282664221246e-11,0.0,0.05
M02_HDSS,2,PTV21,observed_export,608.1920000000016,605.6576061361093,0.9862106293874885,-0.4167095035601087,606.4380502680166,606.4380502680166,19.949298858642578,19.949298858642578,0.0,23.61579503350119,23.615795033509034,7.844391802791506e-12,0.0,0.05
M02_HDSS,2,PTV17,observed_export,578.1120000000016,576.1920026268999,0.9877801020365407,-0.3321151218278917,576.3581712798699,576.3581712798699,19.71381378173828,19.71381378173828,0.0,24.0874295477806,24.087429547740363,-4.0238035126094474e-11,0.0,0.05
M00_04_Eclipse_HDSS_High,0,GTV09,observed_export,28.992000000000008,27.702200000000005,0.8832132596846041,-4.448813465783674,28.38750000009004,27.702200000029386,19.59442710876465,18.587936401367188,-1.006490707397461,23.483991362204534,23.371312960101356,-0.11267840210317814,-2.666456234283217,0.05
M00_04_Eclipse_HDSS_High,0,GTV16,observed_export,119.23200000000003,119.08349999999999,0.9314464878693784,-0.12454710144931269,117.7232499980802,119.08349999857155,19.908294677734375,19.41738510131836,-0.4909095764160156,23.6585663760957,23.56038315574192,-0.09818322035377847,-2.2355778400228843,0.05
M00_04_Eclipse_HDSS_High,0,GTV02,observed_export,5.952000000000002,5.187900000000003,0.8474768444177015,-12.837701612903206,5.729999999997983,5.187900000002017,19.23744773864746,18.65591049194336,-0.5815372467041016,21.733604707858703,21.77188508161233,0.038280373753625696,-2.991775340456101,0.05
M00_04_Eclipse_HDSS_High,0,GTV15,observed_export,119.23200000000003,122.2522,0.9147300909827066,2.533044820182484,117.7232499980802,122.2522000027172,20.103891372680664,18.963542938232422,-1.1403484344482422,23.62662231998829,23.430705715847193,-0.19591660414109668,-3.3070570384916493,0.05
M00_04_Eclipse_HDSS_High,0,GTV18,observed_export,119.23200000000031,120.3012,0.9232859059165429,0.8967391304345096,118.18277248369847,120.30119999896773,19.89301872253418,19.195289611816406,-0.6977291107177734,23.556763202164465,23.436866788227103,-0.1198964139373615,-2.6373996952310677,0.05
M00_04_Eclipse_HDSS_High,0,GTV24,observed_export,120.00000000000031,116.37004999999998,0.9214497044509886,-3.024958333333605,118.95336677287725,116.3700499987442,19.865535736083984,19.688142776489258,-0.17739295959472656,23.118853974322647,23.14694664080648,0.028092666483832573,-0.6514187141560086,0.05
M00_04_Eclipse_HDSS_High,0,GTV14,observed_export,29.76000000000008,29.4033,0.8831200867744291,-1.1985887096776837,29.0916396249521,29.403299999943055,20.064071655273438,19.85578727722168,-0.2082843780517578,23.434086695716488,23.352072364387865,-0.08201433132862235,-0.7050566969861336,0.05
M00_04_Eclipse_HDSS_High,0,GTV17,observed_export,119.23200000000031,116.08755,0.9182613413761874,-2.6372534219004207,118.18277248369847,116.08754999968433,20.22511100769043,19.656940460205078,-0.5681705474853516,23.92767422049837,23.90248956380739,-0.02518465669098191,-1.8440637518403804,0.05
M00_04_Eclipse_HDSS_High,0,GTV01,observed_export,5.952000000000002,7.142850000000006,0.7841923317775016,20.007560483871046,5.729999999997983,7.142850000003227,19.32238006591797,17.271486282348633,-2.050893783569336,22.30391722042477,21.557620267889323,-0.7462969525354453,-16.700183290446688,0.05
M00_04_Eclipse_HDSS_High,0,GTV11,observed_export,29.120000000000076,26.46135,0.8467657287606405,-9.129979395604638,28.47654996416238,26.461350000032194,19.800500869750977,18.793025970458984,-1.0074748992919922,23.092232370596005,23.081371357166468,-0.010861013429536825,-2.5609987535396357,0.05
M00_04_Eclipse_HDSS_High,0,GTV03,observed_export,5.952000000000016,4.259750000000002,0.7379995648522415,-28.43161962365607,5.732439754540102,4.259749999999659,19.11557388305664,16.493772506713867,-2.6218013763427734,21.667129532149566,21.747243271270303,0.08011373912073694,-0.1985881304327961,0.05
M00_04_Eclipse_HDSS_High,0,GTV21,observed_export,119.48800000000031,119.35815,0.9220844629026311,-0.108672000535881,118.44167378257906,119.35815000005817,19.861478805541992,19.801542282104492,-0.0599365234375,23.79603304173006,23.74821546259756,-0.04781757913249862,-0.19963731742136304,0.05
M00_04_Eclipse_HDSS_High,0,GTV13,observed_export,29.76000000000008,26.976599999999987,0.8627287099873931,-9.352822580645448,29.0916396249521,26.976600000045856,19.759244918823242,18.63972282409668,-1.1195220947265625,23.34919362424782,23.392442913207805,0.043249288959984256,-2.3958937211565825,0.05
M00_04_Eclipse_HDSS_High,0,GTV07,observed_export,29.504000000000076,26.366899999999998,0.8791718576848592,-10.63279555314558,28.86298061680151,26.36690000001698,19.608999252319336,19.28179931640625,-0.32719993591308594,22.63152893655809,22.764975666094415,0.13344672953632397,-1.234473414060318,0.05
M00_04_Eclipse_HDSS_High,0,GTV04,observed_export,5.952000000000016,6.15415,0.8040580580212405,3.3963373655911067,5.732439754540102,6.154150000005165,19.31584358215332,18.127182006835938,-1.1886615753173828,21.725842341392077,21.41397572133187,-0.3118666200602078,-10.807700184676179,0.05
M00_04_Eclipse_HDSS_High,0,GTV22,observed_export,119.48800000000031,114.95199999999991,0.917907136593991,-3.796197107659671,118.44167378257906,114.95199999976728,20.03839111328125,20.11226463317871,0.07387351989746094,24.28392913589326,24.332792248231765,0.04886311233850549,0.13267855708291165,0.05
M00_04_Eclipse_HDSS_High,0,GTV08,observed_export,29.504000000000076,29.225500000000004,0.8685033777729638,-0.9439398047724756,28.86298061680151,29.225500000011607,18.921371459960938,18.29119300842285,-0.6301784515380859,23.37634709517672,23.141546752492548,-0.23480034268417072,-5.094911980925673,0.05
M00_04_Eclipse_HDSS_High,0,GTV12,observed_export,29.120000000000076,26.082850000000008,0.868301359128468,-10.429773351648553,28.47654996416238,26.082849999941185,20.229259490966797,20.034582138061523,-0.19467735290527344,23.454365884151038,23.484695679681902,0.030329795530864345,-0.5832450542593932,0.05
M00_04_Eclipse_HDSS_High,0,GTV06,observed_export,29.50400000000001,28.500700000000002,0.8887652529679096,-3.4005558568329874,28.93662500009266,28.50070000016384,20.12164306640625,18.876758575439453,-1.2448844909667969,23.683090760124443,23.585228194608312,-0.09786256551613093,-3.248206233797845,0.05
M00_04_Eclipse_HDSS_High,0,GTV05,observed_export,29.50400000000001,33.5491,0.8569927381179133,13.710344360086735,28.93662500009266,33.549099999927094,19.80098533630371,16.30038070678711,-3.5006046295166016,23.04276699257797,22.333853440693737,-0.7089135518842333,-13.014602330308975,0.05
M00_04_Eclipse_HDSS_High,0,GTV10,observed_export,28.992000000000008,29.86524999999999,0.8745986417262408,3.0120378035319417,28.38750000009004,29.865249999975365,18.95914649963379,16.97567367553711,-1.9834728240966797,22.76713287688962,22.416333173276193,-0.3507997036134256,-6.215749235676384,0.05
M00_04_Eclipse_HDSS_High,0,GTV23,observed_export,120.00000000000031,120.81700000000001,0.9204407576443078,0.6808333333330863,118.95336677287725,120.81700000182695,19.978321075439453,19.19605827331543,-0.7822628021240234,23.12667686593694,23.022910538802446,-0.10376632713449396,-3.359216397426252,0.05
M00_04_Eclipse_HDSS_High,0,GTV19,observed_export,119.61600000000003,119.11735000000002,0.9202373361447725,-0.4168756688068598,118.42487499806361,119.11734999947512,19.73756217956543,19.14512825012207,-0.5924339294433594,23.708735838621415,23.61255717793988,-0.09617866068153447,-1.5012987144327212,0.05
M00_04_Eclipse_HDSS_High,0,GTV20,observed_export,119.61600000000003,117.281,0.9265760440893306,-1.9520799892991048,118.42487499806361,117.28100000009655,19.918516159057617,19.93971824645996,0.02120208740234375,24.19219406833276,24.190716910325317,-0.0014771580074430801,0.06355107235820867,0.05
M00_02_Eclipse_STD_High,0,GTV09,observed_export,28.992000000000008,25.601150000000008,0.8571799006512268,-11.695812637969095,28.38750000009004,25.601150000050406,19.59442710876465,18.948524475097656,-0.6459026336669922,23.483991362204534,23.54406685143438,0.0600754892298454,-1.553375128656299,0.05
M00_02_Eclipse_STD_High,0,GTV16,observed_export,119.23200000000003,116.27679999999998,0.9295351306008457,-2.478529253891615,117.7232499980802,116.27679999899696,19.908294677734375,19.553028106689453,-0.3552665710449219,23.6585663760957,23.625180215405322,-0.0333861606903767,-1.5359146849433643,0.05
M00_02_Eclipse_STD_High,0,GTV02,observed_export,5.952000000000002,5.324399999999993,0.8554153898136743,-10.544354838709824,5.729999999997983,5.32440000000054,19.23744773864746,18.627290725708008,-0.6101570129394531,21.733604707858703,21.73608258138494,0.0024778735262387386,-3.5644245274608295,0.05
M00_02_Eclipse_STD_High,0,GTV15,observed_export,119.23200000000003,110.94180000000004,0.911591021287184,-6.95299919484701,117.7232499980802,110.94179999947289,20.103891372680664,19.947551727294922,-0.1563396453857422,23.62662231998829,23.724902262264294,0.09827994227600456,-0.5168356227109143,0.05
M00_02_Eclipse_STD_High,0,GTV18,observed_export,119.23200000000031,117.86040000000003,0.9227452997007681,-1.150362318840814,118.18277248369847,117.86040000005819,19.89301872253418,19.27511978149414,-0.6178989410400391,23.556763202164465,23.490993829455974,-0.06576937270849115,-2.1847597516244406,0.05
M00_02_Eclipse_STD_High,0,GTV24,observed_export,120.00000000000031,114.89559999999997,0.9225570941417836,-4.253666666666933,118.95336677287725,114.89559999889384,19.865535736083984,19.76010513305664,-0.10543060302734375,23.118853974322647,23.183716362351156,0.06486238802850863,-0.32805453155060604,0.05
M00_02_Eclipse_STD_High,0,GTV14,observed_export,29.76000000000008,28.444050000000004,0.8831573805707295,-4.421875000000242,29.0916396249521,28.44404999998629,20.064071655273438,20.144733428955078,0.08066177368164062,23.434086695716488,23.442746983532803,0.00866028781631556,0.27853836405599,0.05
M00_02_Eclipse_STD_High,0,GTV17,observed_export,119.23200000000031,111.86609999999999,0.9174481212041846,-6.177787842190274,118.18277248369847,111.86609999986155,20.22511100769043,20.092119216918945,-0.13299179077148438,23.92767422049837,24.03134592203416,0.10367170153578797,-0.5075475504030464,0.05
M00_02_Eclipse_STD_High,0,GTV01,observed_export,5.952000000000002,3.5904500000000015,0.7175021383104214,-39.676579301075265,5.729999999997983,3.590450000001734,19.32238006591797,19.494447708129883,0.17206764221191406,22.30391722042477,22.580832117976787,0.27691489755201815,0.6508256141810449,0.05
M00_02_Eclipse_STD_High,0,GTV11,observed_export,29.120000000000076,26.12215,0.8568053744298332,-10.294814560439791,28.47654996416238,26.12214999994842,19.800500869750977,19.07745933532715,-0.7230415344238281,23.092232370596005,23.121197812214138,0.028965441618133525,-1.8746973096321824,0.05
M00_02_Eclipse_STD_High,0,GTV03,observed_export,5.952000000000016,3.5608000000000013,0.7029016903084293,-40.17473118279584,5.732439754540102,3.56080000000143,19.11557388305664,17.041975021362305,-2.073598861694336,21.667129532149566,22.082508736206254,0.4153792040566877,4.945761601302337,0.05
M00_02_Eclipse_STD_High,0,GTV21,observed_export,119.48800000000031,115.88785,0.9199265510467066,-3.0129803829675783,118.44167378257906,115.88784999870043,19.861478805541992,19.81009292602539,-0.05138587951660156,23.79603304173006,23.79821217339966,0.002179131669599599,-0.1340955932354575,0.05
M00_02_Eclipse_STD_High,0,GTV13,observed_export,29.76000000000008,26.238299999999988,0.8550753271425882,-11.833669354838982,29.0916396249521,26.238299999955466,19.759244918823242,18.947542190551758,-0.8117027282714844,23.34919362424782,23.48944913511912,0.14025551087129884,-1.3206344269247552,0.05
M00_02_Eclipse_STD_High,0,GTV07,observed_export,29.504000000000076,25.901050000000005,0.8783484505900435,-12.211734002169406,28.86298061680151,25.901050000043828,19.608999252319336,19.382844924926758,-0.22615432739257812,22.63152893655809,22.810957134728568,0.17942819817047706,-0.47915216258104465,0.05
M00_02_Eclipse_STD_High,0,GTV04,observed_export,5.952000000000016,5.29395,0.8047450682502804,-11.055947580645409,5.732439754540102,5.293950000003489,19.31584358215332,18.792667388916016,-0.5231761932373047,21.725842341392077,21.740916585844957,0.015074244452879526,-3.331324370769707,0.05
M00_02_Eclipse_STD_High,0,GTV22,observed_export,119.48800000000031,113.76064999999997,0.9169455481061158,-4.7932428361009745,118.44167378257906,113.76065000016098,20.03839111328125,19.960426330566406,-0.07796478271484375,24.28392913589326,24.352636979583096,0.06870784368983607,-0.1628798146520296,0.05
M00_02_Eclipse_STD_High,0,GTV08,observed_export,29.504000000000076,28.280250000000002,0.8706994510916645,-4.1477426789590215,28.86298061680151,28.28025000000246,18.921371459960938,18.367313385009766,-0.5540580749511719,23.37634709517672,23.23934147865273,-0.13700561652398946,-3.788534773917945,0.05
M00_02_Eclipse_STD_High,0,GTV12,observed_export,29.120000000000076,27.000299999999996,0.8796333398775396,-7.279189560439814,28.47654996416238,27.000300000056825,20.229259490966797,20.099143981933594,-0.13011550903320312,23.454365884151038,23.457178455925416,0.002812571774377659,-0.39823765855666693,0.05
M00_02_Eclipse_STD_High,0,GTV06,observed_export,29.50400000000001,27.64180000000001,0.8855054293775068,-6.311686550976125,28.93662500009266,27.64180000012435,20.12164306640625,18.915721893310547,-1.2059211730957031,23.683090760124443,23.646738746297196,-0.03635201382724773,-3.0599349502907103,0.05
M00_02_Eclipse_STD_High,0,GTV05,observed_export,29.50400000000001,25.62015000000001,0.8752324072943574,-13.163808297180035,28.93662500009266,25.620150000106772,19.80098533630371,19.492141723632812,-0.30884361267089844,23.04276699257797,23.26162397785053,0.21885698527255926,-0.7345599360926514,0.05
M00_02_Eclipse_STD_High,0,GTV10,observed_export,28.992000000000008,26.700700000000012,0.8793075548109843,-7.903214679911685,28.38750000009004,26.700699999911496,18.95914649963379,18.90169906616211,-0.05744743347167969,22.76713287688962,22.772764234108568,0.005631357218948807,-0.9988557410656966,0.05
M00_02_Eclipse_STD_High,0,GTV23,observed_export,120.00000000000031,117.63225000000003,0.9212297199775906,-1.973125000000231,118.95336677287725,117.6322499990288,19.978321075439453,19.347814559936523,-0.6305065155029297,23.12667686593694,23.103717093334517,-0.0229597726024231,-2.434770244252377,0.05
M00_02_Eclipse_STD_High,0,GTV19,observed_export,119.61600000000003,114.83849999999997,0.9155793436413238,-3.994030898876455,118.42487499806361,114.83850000064098,19.73756217956543,19.545957565307617,-0.1916046142578125,23.708735838621415,23.72071581014623,0.011979971524816335,-0.5983582152786653,0.05
M00_02_Eclipse_STD_High,0,GTV20,observed_export,119.61600000000003,114.50240000000001,0.9189749580819246,-4.275013376136982,118.42487499806361,114.50240000140464,19.918516159057617,19.72054100036621,-0.19797515869140625,24.19219406833276,24.21916025290528,0.02696618457251887,-0.34391347601309974,0.05
M01_04_Eclipse_HDSS_High,1,PTV11,observed_export,104.89600000000027,104.58960000000002,0.918485192595344,-0.2920988407567937,104.0519019923405,104.58959999921719,20.18935775756836,19.842809677124023,-0.34654808044433594,23.291959161355322,23.242586389770857,-0.049372771584465625,-0.997967284702213,0.05
M01_04_Eclipse_HDSS_High,1,PTV16,observed_export,281.7920000000001,286.2456,0.9482109412782955,1.5804565069270637,280.5958749998212,286.24559999358786,20.14811897277832,19.474287033081055,-0.6738319396972656,23.457219489187842,23.353067437706464,-0.1041520514813783,-2.4223428164472267,0.05
M01_04_Eclipse_HDSS_High,1,PTV14,observed_export,108.35200000000029,107.69855000000004,0.919947827134011,-0.6030806999411609,107.51494992363463,107.69855000046606,20.23572540283203,19.596845626831055,-0.6388797760009766,23.906028416920325,23.81030655085106,-0.09572186606926536,-1.778372718446036,0.05
M01_04_Eclipse_HDSS_High,1,PTV15,observed_export,273.6000000000001,277.4364999999998,0.9499744434087047,1.4022295321636458,272.4118749981539,277.436500000251,19.96192741394043,19.431211471557617,-0.5307159423828125,23.65018839526163,23.56318672484723,-0.08700167041439855,-1.6205396818725148,0.05
M01_04_Eclipse_HDSS_High,1,PTV19,observed_export,291.6480000000001,291.30095,0.9448265568120142,-0.11899618718458349,290.3442500018072,291.30094999507645,20.099111557006836,19.772321701049805,-0.32678985595703125,24.21830996438066,24.161584457091802,-0.05672550728885639,-0.8415434053076751,0.05
M01_04_Eclipse_HDSS_High,1,PTV01,observed_export,31.296000000000006,32.61545000000001,0.9255321508945391,4.2160339979550265,30.83800000010174,32.61545000016292,19.719972610473633,19.207517623901367,-0.5124549865722656,22.85750783642707,22.725793843445416,-0.13171399298165554,-2.602643926301866,0.05
M01_04_Eclipse_HDSS_High,1,PTV04,observed_export,36.416000000000096,35.3403,0.881957930288023,-2.9539213532515762,36.01699456546238,35.34029999993066,20.668872833251953,19.838191986083984,-0.8306808471679688,23.52945739557781,23.443667033800818,-0.0857903617769935,-1.879774069217632,0.05
M01_04_Eclipse_HDSS_High,1,PTV12,observed_export,104.89600000000027,104.79175000000001,0.9253806559964187,-0.099384151922155,104.0519019923405,104.79174999886796,20.191856384277344,19.80730628967285,-0.3845500946044922,24.073974557653337,24.009103191932933,-0.06487136572040342,-0.9909933907476471,0.05
M01_04_Eclipse_HDSS_High,1,PTV02,observed_export,36.41600000000001,38.15360000000001,0.9086272444573541,4.771528998242536,36.02600000001208,38.15360000006897,19.504539489746094,18.756668090820312,-0.7478713989257812,22.6390320912572,22.436927649307744,-0.2021044419494551,-4.770630092799124,0.05
M01_04_Eclipse_HDSS_High,1,PTV24,observed_export,289.4720000000008,287.2681,0.942894109110754,-0.7613517024101735,288.2637311502741,287.26810000135237,19.87938690185547,19.634069442749023,-0.2453174591064453,23.240837663242765,23.22123283999912,-0.01960482324364321,-0.7639183182464819,0.05
M01_04_Eclipse_HDSS_High,1,PTV08,observed_export,101.95200000000027,102.51605,0.9140510887954504,0.5532505492778395,101.1118259713745,102.5160500003663,19.639564514160156,19.270463943481445,-0.36910057067871094,23.624690082535622,23.522063272524186,-0.10262681001143648,-1.8236719081790511,0.05
M01_04_Eclipse_HDSS_High,1,PTV09,observed_export,104.51200000000003,110.71640000000001,0.9204444075513947,5.936543172075903,103.63387499841338,110.71639999963398,19.720802307128906,17.571203231811523,-2.149599075317383,23.695122193539508,23.344950816978425,-0.3501713765610823,-5.115928869087668,0.05
M01_04_Eclipse_HDSS_High,1,PTV06,observed_export,101.95200000000003,105.94120000000004,0.9180503907170448,3.912821720025117,101.0194999984752,105.94119999894478,19.89785385131836,18.84499740600586,-1.0528564453125,23.151849618726526,22.93806993544261,-0.21377968328391717,-4.530344003042828,0.05
M01_04_Eclipse_HDSS_High,1,PTV18,observed_export,281.7920000000007,282.1614,0.9433710275480848,0.13108959800112174,280.5463362515012,282.1614000014498,20.20806884765625,19.831113815307617,-0.3769550323486328,23.815760828410806,23.757942918826156,-0.057817909584649385,-1.331199683505048,0.05
M01_04_Eclipse_HDSS_High,1,PTV05,observed_export,101.95200000000003,101.30675000000002,0.9376475624374289,-0.6328958725674849,101.0194999984752,101.30675000088254,20.147253036499023,19.824996948242188,-0.32225608825683594,23.464298193198797,23.419971653605174,-0.04432653959362298,-1.1224414132772722,0.05
M01_04_Eclipse_HDSS_High,1,PTV20,observed_export,291.6480000000001,291.61005,0.9452371080529874,-0.013012261356182275,290.3442500018072,291.6100499938475,20.317123413085938,20.022544860839844,-0.29457855224609375,23.954441855697606,23.911409874811984,-0.043031980885622545,-0.6809772618614431,0.05
M01_04_Eclipse_HDSS_High,1,PTV03,observed_export,36.416000000000096,35.38705000000001,0.8893005228969671,-2.825543717047685,36.01699456546238,35.38705000010935,20.168819427490234,19.25454330444336,-0.914276123046875,22.918366814223752,22.845079400892086,-0.07328741333166633,-2.8011346587460366,0.05
M01_04_Eclipse_HDSS_High,1,PTV10,observed_export,104.38400000000003,103.82005000000002,0.9407142782300227,-0.5402647915389358,103.4678749984173,103.82004999974778,19.580198287963867,18.979164123535156,-0.6010341644287109,23.66526369722531,23.58970520511143,-0.07555849211388121,-1.8596235399536312,0.05
M01_04_Eclipse_HDSS_High,1,PTV13,observed_export,108.35200000000029,107.69594999999998,0.9154288886939874,-0.6054802864739917,107.51494992363463,107.69595000080567,19.971424102783203,19.518428802490234,-0.45299530029296875,22.76621748297865,22.71533402514095,-0.0508834578376991,-1.85623868540425,0.05
M01_04_Eclipse_HDSS_High,1,PTV07,observed_export,101.95200000000027,103.1323,0.9159565315014626,1.157701663527666,101.1118259713745,103.13229999951996,19.86285972595215,19.377222061157227,-0.4856376647949219,23.448946159272996,23.35562740571385,-0.09331875355914576,-1.8929759767772936,0.05
M01_04_Eclipse_HDSS_High,1,PTV23,observed_export,289.4720000000008,288.12760000000003,0.9417087420180761,-0.46443179305796223,288.2637311502741,288.1275999963394,19.62100601196289,19.252147674560547,-0.36885833740234375,23.892042039508123,23.855281710571017,-0.036760328937106124,-1.0511680717774112,0.05
M01_04_Eclipse_HDSS_High,1,PTV17,observed_export,281.7920000000007,275.8715,0.9387204303006038,-2.10101777197389,280.5463362515012,275.8714999974965,20.086484909057617,19.783613204956055,-0.3028717041015625,24.21373379574344,24.216678141752666,0.0029443460092259954,-0.6359592427043026,0.05
M01_04_Eclipse_HDSS_High,1,PTV22,observed_export,288.9600000000008,283.11259999999993,0.9358167567376825,-2.0236018826138014,287.75574868007527,283.1126000029043,20.328197479248047,20.219188690185547,-0.1090087890625,24.049013184406327,24.054585306457113,0.005572122050786277,-0.2461074872321518,0.05
M01_04_Eclipse_HDSS_High,1,PTV21,observed_export,288.9600000000008,287.79119999999995,0.9404476317122861,-0.404485049834169,287.75574868007527,287.7911999980406,19.930879592895508,19.658384323120117,-0.2724952697753906,23.147380069241283,23.120777633758376,-0.026602435482907083,-0.7786883061033194,0.05
M01_02_Eclipse_STD_High,1,PTV11,observed_export,104.89600000000027,99.8147,0.9112521158070029,-4.844131330079559,104.0519019923405,99.81470000031103,20.18935775756836,19.91997718811035,-0.2693805694580078,23.291959161355322,23.319609078405765,0.02764991705044295,-0.7706768248025639,0.05
M01_02_Eclipse_STD_High,1,PTV16,observed_export,281.7920000000001,280.27599999999995,0.945524747599765,-0.5379854644561033,280.5958749998212,280.27600000207946,20.14811897277832,19.605140686035156,-0.5429782867431641,23.457219489187842,23.41095061280422,-0.046268876383621205,-1.8890043410437443,0.05
M01_02_Eclipse_STD_High,1,PTV14,observed_export,108.35200000000029,105.0962,0.9211626173380761,-3.004836089781715,107.51494992363463,105.09620000027994,20.23572540283203,19.91484260559082,-0.32088279724121094,23.906028416920325,23.90677889111358,0.0007504741932535808,-0.8434002899692956,0.05
M01_02_Eclipse_STD_High,1,PTV15,observed_export,273.6000000000001,270.85005000000007,0.9474129060395736,-1.0050986842105258,272.4118749981539,270.8500500020208,19.96192741394043,19.621479034423828,-0.34044837951660156,23.65018839526163,23.637226669285297,-0.012961725976332161,-0.9958743476998251,0.05
M01_02_Eclipse_STD_High,1,PTV19,observed_export,291.6480000000001,288.33575,0.9403052711140832,-1.1357012563089963,290.3442500018072,288.33575000268974,20.099111557006836,19.86541175842285,-0.23369979858398438,24.21830996438066,24.1959942311896,-0.022315733191057063,-0.5837121099658731,0.05
M01_02_Eclipse_STD_High,1,PTV01,observed_export,31.296000000000006,30.283900000000003,0.9055602551973075,-3.233959611451953,30.83800000010174,30.28389999999762,19.719972610473633,19.53771209716797,-0.18226051330566406,22.85750783642707,22.900634346438263,0.0431265100111915,-0.5181696838102994,0.05
M01_02_Eclipse_STD_High,1,PTV04,observed_export,36.416000000000096,33.922700000000006,0.8801400682897896,-6.846715729349961,36.01699456546238,33.92269999996389,20.668872833251953,20.04349708557129,-0.6253757476806641,23.52945739557781,23.539369517443028,0.009912121865216506,-1.3075501837597159,0.05
M01_02_Eclipse_STD_High,1,PTV12,observed_export,104.89600000000027,101.98265,0.9221179995709821,-2.7773699664431994,104.0519019923405,101.9826499994053,20.191856384277344,19.97967529296875,-0.21218109130859375,24.073974557653337,24.08928460697717,0.015310049323833397,-0.5356440588152225,0.05
M01_02_Eclipse_STD_High,1,PTV02,observed_export,36.41600000000001,35.680800000000005,0.8891733815568609,-2.018892794376115,36.02600000001208,35.68079999991465,19.504539489746094,18.757200241088867,-0.7473392486572266,22.6390320912572,22.557294356863682,-0.08173773439351706,-3.6352408553387505,0.05
M01_02_Eclipse_STD_High,1,PTV24,observed_export,289.4720000000008,282.66454999999996,0.9427604310961213,-2.35167822794633,288.2637311502741,282.6645500011918,19.87938690185547,19.794326782226562,-0.08506011962890625,23.240837663242765,23.268841895153656,0.02800423191089152,-0.16617122020430486,0.05
M01_02_Eclipse_STD_High,1,PTV08,observed_export,101.95200000000027,98.39835000000001,0.9148489119585905,-3.4856108757064574,101.1118259713745,98.3983499997916,19.639564514160156,19.423194885253906,-0.21636962890625,23.624690082535622,23.607019961845484,-0.017670120690137736,-1.0571088505649726,0.05
M01_02_Eclipse_STD_High,1,PTV09,observed_export,104.51200000000003,97.2972,0.9065360836621954,-6.903322106552379,103.63387499841338,97.29719999917212,19.720802307128906,19.63955307006836,-0.08124923706054688,23.695122193539508,23.790897499861096,0.09577530632158826,0.026324964076678725,0.05
M01_02_Eclipse_STD_High,1,PTV06,observed_export,101.95200000000003,98.22890000000001,0.9009169860179487,-3.651816541117403,101.0194999984752,98.2289000010678,19.89785385131836,19.286300659179688,-0.6115531921386719,23.151849618726526,23.13269657476275,-0.01915304396377593,-2.3838389764493826,0.05
M01_02_Eclipse_STD_High,1,PTV18,observed_export,281.7920000000007,276.80505000000005,0.9431332075466916,-1.769727316602543,280.5463362515012,276.80504999851604,20.20806884765625,19.997982025146484,-0.21008682250976562,23.815760828410806,23.81690916492548,0.0011483365146744973,-0.7507446170441483,0.05
M01_02_Eclipse_STD_High,1,PTV05,observed_export,101.95200000000003,97.47200000000001,0.9230989195234535,-4.394224733207796,101.0194999984752,97.47200000112942,20.147253036499023,19.94771957397461,-0.19953346252441406,23.464298193198797,23.517121454169526,0.052823260970729535,-0.7174662229324014,0.05
M01_02_Eclipse_STD_High,1,PTV20,observed_export,291.6480000000001,287.0092,0.9409563451259229,-1.5905475093263344,290.3442500018072,287.00920000192787,20.317123413085938,20.165054321289062,-0.152069091796875,23.954441855697606,23.95912273196123,0.004680876263623901,-0.3624000968524115,0.05
M01_02_Eclipse_STD_High,1,PTV03,observed_export,36.416000000000096,32.96225000000001,0.8824244159411666,-9.484155316344667,36.01699456546238,32.96224999994401,20.168819427490234,19.811262130737305,-0.3575572967529297,22.918366814223752,23.016506437462656,0.0981396232389038,-1.1325236752524575,0.05
M01_02_Eclipse_STD_High,1,PTV10,observed_export,104.38400000000003,101.20700000000002,0.9282637797196147,-3.0435698957694712,103.4678749984173,101.20699999997832,19.580198287963867,18.97102165222168,-0.6091766357421875,23.66526369722531,23.641918829435085,-0.023344867790225265,-1.8109817900844405,0.05
M01_02_Eclipse_STD_High,1,PTV13,observed_export,108.35200000000029,103.90749999999997,0.9159934418864177,-4.101908594211745,107.51494992363463,103.9074999997641,19.971424102783203,19.642345428466797,-0.32907867431640625,22.76621748297865,22.786958073576184,0.020740590597533526,-1.2542513332274012,0.05
M01_02_Eclipse_STD_High,1,PTV07,observed_export,101.95200000000027,95.44565,0.9149871698583093,-6.381777699309721,101.1118259713745,95.44564999994208,19.86285972595215,19.717302322387695,-0.14555740356445312,23.448946159272996,23.551386165120583,0.10244000584758695,-0.46044923014591177,0.05
M01_02_Eclipse_STD_High,1,PTV23,observed_export,289.4720000000008,284.74585,0.9420543208123535,-1.6326794992264304,288.2637311502741,284.7458500019042,19.62100601196289,19.34328842163086,-0.27771759033203125,23.892042039508123,23.89536351929642,0.0033214797882976654,-0.7141593143840907,0.05
M01_02_Eclipse_STD_High,1,PTV17,observed_export,281.7920000000007,274.03215,0.9394152116888258,-2.7537509936409466,280.5463362515012,274.03214999939723,20.086484909057617,19.875595092773438,-0.2108898162841797,24.21373379574344,24.241649834715318,0.027916038971877555,-0.4555247372958604,0.05
M01_02_Eclipse_STD_High,1,PTV22,observed_export,288.9600000000008,282.18,0.9376041184889481,-2.346345514950421,287.75574868007527,282.17999999790527,20.328197479248047,20.28881072998047,-0.039386749267578125,24.049013184406327,24.069411155120665,0.020397970714338243,-0.09645632711237795,0.05
M01_02_Eclipse_STD_High,1,PTV21,observed_export,288.9600000000008,281.94725,0.9427848358943236,-2.4268929955705842,287.75574868007527,281.9472499986431,19.930879592895508,19.767580032348633,-0.163299560546875,23.147380069241283,23.16116484404898,0.013784774807696465,-0.4863785900827935,0.05
M02_04_Eclipse_HDSS_High,2,PTV09,observed_export,279.10400000000004,281.0369500000001,0.94671468136033,0.6925554631965314,277.07324999910355,281.0369500000883,19.691011428833008,18.47516441345215,-1.2158470153808594,24.31751562622196,24.1967040197724,-0.12081160644956057,-1.7270666545937985,0.05
M02_04_Eclipse_HDSS_High,2,PTV11,observed_export,284.09600000000074,276.9726,0.9356576781979157,-2.507391867537989,282.77976699132205,276.97259999566853,20.24959945678711,19.958864212036133,-0.29073524475097656,23.755965160749405,23.745903442504094,-0.010061718245310658,-0.9650928216832568,0.05
M02_04_Eclipse_HDSS_High,2,PTV19,observed_export,610.6240000000001,612.8860499999998,0.9581002856951459,0.37044891782826994,608.7928750666837,612.8860500089636,20.034318923950195,19.71677017211914,-0.3175487518310547,23.651980009080752,23.603440354999115,-0.04853965408163674,-0.8651008733159244,0.05
M02_04_Eclipse_HDSS_High,2,PTV15,observed_export,578.1120000000002,588.6872000000001,0.9522023072710719,1.82926491752462,575.6495000599315,588.6872000019143,19.979921340942383,18.904556274414062,-1.0753650665283203,23.497103456161142,23.363134680965167,-0.1339687751959744,-2.615595259510016,0.05
M02_04_Eclipse_HDSS_High,2,PTV16,observed_export,578.1120000000002,583.4004999999999,0.9622655171185454,0.9147881379386158,575.6495000599315,583.400500011829,19.68365478515625,19.338645935058594,-0.34500885009765625,24.035284468045273,23.964957481615556,-0.07032698642971624,-1.0916582735193288,0.05
M02_04_Eclipse_HDSS_High,2,PTV07,observed_export,268.73600000000073,260.89279999999997,0.9409109341734174,-2.9185520361993733,267.34582770280565,260.8927999969996,19.71426773071289,19.56169319152832,-0.1525745391845703,23.268084894983954,23.296374918772525,0.02829002378857126,-0.8808097665032477,0.05
M02_04_Eclipse_HDSS_High,2,PTV06,observed_export,268.73600000000005,270.0052000000001,0.9484812268009001,0.4722850678733348,267.3586249971244,270.0051999934233,19.85152816772461,18.930744171142578,-0.9207839965820312,23.731784631138126,23.635203333103345,-0.09658129803478133,-2.0309484982885238,0.05
M02_04_Eclipse_HDSS_High,2,PTV05,observed_export,261.05600000000004,264.74830000000003,0.9475859897006097,1.4143708629565932,259.68662499556143,264.7483000020221,20.114042282104492,19.799875259399414,-0.3141670227050781,23.99234823898479,23.910862367133515,-0.08148587185127454,-1.1357265164554065,0.05
M02_04_Eclipse_HDSS_High,2,PTV20,observed_export,613.8240000000002,615.8167000000001,0.9575889957966376,0.3246370295068024,611.9788750673328,615.8166999995311,20.5269718170166,20.165363311767578,-0.36160850524902344,24.23127083070443,24.18683205494692,-0.04443877575751287,-0.753633395684588,0.05
M02_04_Eclipse_HDSS_High,2,PTV10,observed_export,278.08000000000004,285.86254999999994,0.9421411851834173,2.7986730437283835,276.0352499988921,285.8625499971823,19.87480926513672,18.99251937866211,-0.8822898864746094,23.704897487130147,23.53442939319803,-0.17046809393211504,-2.89936246552773,0.05
M02_04_Eclipse_HDSS_High,2,PTV14,observed_export,287.9360000000008,288.79810000000003,0.946284838058134,0.29940681262476954,286.5304252896613,288.79810000237165,19.72598648071289,19.318605422973633,-0.4073810577392578,23.416381172413068,23.356115122381762,-0.060266050031305696,-1.6436605747796023,0.05
M02_04_Eclipse_HDSS_High,2,PTV08,observed_export,268.73600000000073,271.4966,0.941795743825389,1.0272535127408444,267.34582770280565,271.49660000719393,19.72624969482422,19.12813377380371,-0.5981159210205078,23.394032842327363,23.29531169983526,-0.09872114249210284,-2.471537296306437,0.05
M02_04_Eclipse_HDSS_High,2,PTV18,observed_export,578.1120000000016,579.79995,0.9553647551120584,0.2919762952504623,576.3581712798699,579.7999499950292,19.858259201049805,19.64698600769043,-0.211273193359375,23.727125027671146,23.687561808272932,-0.0395632193982145,-0.7419082662339775,0.05
M02_04_Eclipse_HDSS_High,2,PTV24,observed_export,604.0320000000016,598.94265,0.9552669055413291,-0.8425629767962017,602.2698803708038,598.9426499955177,20.345258712768555,20.157175064086914,-0.18808364868164062,24.51655096310146,24.513115704287642,-0.003435258813816233,-0.5831089007998997,0.05
M02_04_Eclipse_HDSS_High,2,PTV03,observed_export,142.27200000000036,142.21125000000004,0.9270594258113862,-0.04269989878565861,141.3499067604155,142.21124999820353,20.02962875366211,19.106821060180664,-0.9228076934814453,23.445472514321963,23.356552306002758,-0.08892020831920533,-2.7267039863617555,0.05
M02_04_Eclipse_HDSS_High,2,PTV02,observed_export,142.27200000000002,139.9831,0.9432750014399716,-1.6088197255960446,141.12849999752675,139.98309999816038,20.23533821105957,19.970983505249023,-0.2643547058105469,23.489919598246793,23.469977432181835,-0.01994216606495769,-0.7433829936699397,0.05
M02_04_Eclipse_HDSS_High,2,PTV12,observed_export,284.09600000000074,278.45180000000005,0.9419622887771292,-1.986722797927698,282.77976699132205,278.4517999998809,19.904325485229492,19.55324935913086,-0.3510761260986328,23.54579303749229,23.543447727139593,-0.002345310352698249,-0.9597277328378766,0.05
M02_04_Eclipse_HDSS_High,2,PTV13,observed_export,287.9360000000008,285.5517,0.9397450710869338,-0.8280659591022976,286.5304252896613,285.5516999963658,19.782400131225586,19.1680965423584,-0.6143035888671875,23.628211283435665,23.583230425875705,-0.04498085755995973,-2.231220924871266,0.05
M02_04_Eclipse_HDSS_High,2,PTV04,observed_export,142.27200000000036,139.9667,0.9307250598892954,-1.6203469410708715,141.3499067604155,139.96670000042644,20.387657165527344,20.296661376953125,-0.09099578857421875,24.013199992186497,23.995704202753696,-0.01749578943280028,-0.35317409119679155,0.05
M02_04_Eclipse_HDSS_High,2,PTV01,observed_export,142.27200000000002,149.3766,0.9221728616365256,4.993674089068811,141.12849999752675,149.37659999643859,19.897579193115234,18.962387084960938,-0.9351921081542969,22.917307881679356,22.708172839363023,-0.2091350423163334,-4.83557159752182,0.05
M02_04_Eclipse_HDSS_High,2,PTV23,observed_export,604.0320000000016,602.1589500000001,0.9560931544943075,-0.3100911872221168,602.2698803708038,602.1589499916516,19.78386116027832,19.571441650390625,-0.2124195098876953,24.07590630891194,24.05432324090299,-0.021583068008951045,-0.4959516882480699,0.05
M02_04_Eclipse_HDSS_High,2,PTV22,observed_export,608.1920000000016,613.27685,0.9529651078278321,0.8360599942120794,606.4380502680166,613.2768499938683,19.817821502685547,19.44224739074707,-0.37557411193847656,23.31791391962476,23.256050016644146,-0.06186390298061539,-1.174400068063747,0.05
M02_04_Eclipse_HDSS_High,2,PTV21,observed_export,608.1920000000016,606.8166000000001,0.9558080815110961,-0.22614569083472258,606.4380502680166,606.8166000075481,19.949298858642578,19.6397705078125,-0.3095283508300781,23.61579503350119,23.59097066436572,-0.024824369135469482,-0.7755725447421753,0.05
M02_04_Eclipse_HDSS_High,2,PTV17,observed_export,578.1120000000016,573.4525,0.9540107104716017,-0.8059856913541941,576.3581712798699,573.4525000183027,19.71381378173828,19.39160919189453,-0.32220458984375,24.0874295477806,24.0681927333463,-0.019236814434300697,-0.5793226851649393,0.05
M02_02_Eclipse_STD_High,2,PTV09,observed_export,279.10400000000004,273.56145000000004,0.9388230289201913,-1.9858368206833288,277.07324999910355,273.5614500009262,19.691011428833008,18.51726722717285,-1.1737442016601562,24.31751562622196,24.258894437395035,-0.05862118882692613,-1.5613017444439379,0.05
M02_02_Eclipse_STD_High,2,PTV11,observed_export,284.09600000000074,274.20565,0.9376110414881057,-3.4813408143728575,282.77976699132205,274.20565000781454,20.24959945678711,20.117555618286133,-0.13204383850097656,23.755965160749405,23.794909133115144,0.038943972365739654,-0.4869920581791547,0.05
M02_02_Eclipse_STD_High,2,PTV19,observed_export,610.6240000000001,603.0098999999998,0.9555531602158429,-1.2469375589561404,608.7928750666837,603.009900004831,20.034318923950195,19.897401809692383,-0.1369171142578125,23.651980009080752,23.650766466194778,-0.0012135428859743058,-0.3776264436016987,0.05
M02_02_Eclipse_STD_High,2,PTV15,observed_export,578.1120000000002,562.41845,0.94947784017595,-2.7146210422894113,575.6495000599315,562.4184499904062,19.979921340942383,19.95363998413086,-0.026281356811523438,23.497103456161142,23.54087224278773,0.04376878662658967,-0.06360542788830514,0.05
M02_02_Eclipse_STD_High,2,PTV16,observed_export,578.1120000000002,570.6442,0.9591214807508143,-1.2917566146352644,575.6495000599315,570.6441999974086,19.68365478515625,19.59649085998535,-0.08716392517089844,24.035284468045273,24.047451478158578,0.012167010113305565,-0.15992918725604,0.05
M02_02_Eclipse_STD_High,2,PTV07,observed_export,268.73600000000073,258.05165,0.9412637806886577,-3.975779203382024,267.34582770280565,258.0516500023608,19.71426773071289,19.614477157592773,-0.09979057312011719,23.268084894983954,23.332611742196825,0.06452684721287127,-0.5350802954959022,0.05
M02_02_Eclipse_STD_High,2,PTV06,observed_export,268.73600000000005,264.69890000000004,0.9458418773263085,-1.5022550011907665,267.3586249971244,264.69890000339353,19.85152816772461,19.14112091064453,-0.7104072570800781,23.731784631138126,23.697455945979062,-0.034328685159064065,-1.4919763191703623,0.05
M02_02_Eclipse_STD_High,2,PTV05,observed_export,261.05600000000004,254.17855000000003,0.9452869848509219,-2.6344730632507973,259.68662499556143,254.17855000061712,20.114042282104492,20.03209114074707,-0.08195114135742188,23.99234823898479,24.039429111537526,0.04708087255273696,-0.2941758293984975,0.05
M02_02_Eclipse_STD_High,2,PTV20,observed_export,613.8240000000002,605.6178,0.9542558926922469,-1.336897873005971,611.9788750673328,605.6177999964945,20.5269718170166,20.292024612426758,-0.23494720458984375,24.23127083070443,24.227048636201033,-0.0042221945033986685,-0.567186695621956,0.05
M02_02_Eclipse_STD_High,2,PTV10,observed_export,278.08000000000004,268.52685,0.9423867038758316,-3.4353962888377554,276.0352499988921,268.5268500042749,19.87480926513672,19.73443031311035,-0.1403789520263672,23.704897487130147,23.741005401698924,0.03610791456877749,-0.4088837234512255,0.05
M02_02_Eclipse_STD_High,2,PTV14,observed_export,287.9360000000008,282.47260000000006,0.9455784546047402,-1.897435541231629,286.5304252896613,282.4726000075303,19.72598648071289,19.5278377532959,-0.1981487274169922,23.416381172413068,23.430931293849834,0.014550121436766261,-0.7289746974587814,0.05
M02_02_Eclipse_STD_High,2,PTV08,observed_export,268.73600000000073,262.86375000000004,0.9402585354172462,-2.185137086211253,267.34582770280565,262.8637499980342,19.72624969482422,19.331125259399414,-0.3951244354248047,23.394032842327363,23.39511680377938,0.0010839614520179452,-1.4493066096807894,0.05
M02_02_Eclipse_STD_High,2,PTV18,observed_export,578.1120000000016,570.0015,0.9548215848513391,-1.4029288442380716,576.3581712798699,570.0015000089169,19.858259201049805,19.76287841796875,-0.09538078308105469,23.727125027671146,23.740789024767103,0.013663997095957114,-0.3326146683372997,0.05
M02_02_Eclipse_STD_High,2,PTV24,observed_export,604.0320000000016,590.968,0.9551328850720268,-2.162799321890496,602.2698803708038,590.9680000064826,20.345258712768555,20.260175704956055,-0.0850830078125,24.51655096310146,24.55865339507597,0.04210243197451291,-0.35801157016454965,0.05
M02_02_Eclipse_STD_High,2,PTV03,observed_export,142.27200000000036,136.66645000000003,0.9248545736599025,-3.9400233355827763,141.3499067604155,136.6664500010272,20.02962875366211,19.293231964111328,-0.7363967895507812,23.445472514321963,23.455595890440502,0.010123376118539085,-2.024453974394845,0.05
M02_02_Eclipse_STD_High,2,PTV02,observed_export,142.27200000000002,139.20290000000003,0.9408063429299102,-2.157205915429594,141.12849999752675,139.20289999951862,20.23533821105957,20.01348114013672,-0.22185707092285156,23.489919598246793,23.485208299245475,-0.004711299001318281,-0.6381765733301279,0.05
M02_02_Eclipse_STD_High,2,PTV12,observed_export,284.09600000000074,278.11225,0.9437241068128117,-2.1062422561390237,282.77976699132205,278.11224999895256,19.904325485229492,19.602378845214844,-0.30194664001464844,23.54579303749229,23.553777934725467,0.007984897233175303,-0.807409184010055,0.05
M02_02_Eclipse_STD_High,2,PTV13,observed_export,287.9360000000008,280.5223,0.938687932087162,-2.5747735607915545,286.5304252896613,280.52229999929176,19.782400131225586,19.388673782348633,-0.3937263488769531,23.628211283435665,23.644485074958613,0.0162737915229485,-1.4572409319875703,0.05
M02_02_Eclipse_STD_High,2,PTV04,observed_export,142.27200000000036,138.11915,0.9297894821479765,-2.918951023392069,141.3499067604155,138.1191499995401,20.387657165527344,20.377384185791016,-0.010272979736328125,24.013199992186497,24.028405239656674,0.015205247470177596,-0.21397612211546857,0.05
M02_02_Eclipse_STD_High,2,PTV01,observed_export,142.27200000000002,132.1747,0.9162956591646797,-7.097180049482688,141.12849999752675,132.17469999933277,19.897579193115234,19.776329040527344,-0.12125015258789062,22.917307881679356,23.01489447579639,0.09758659411703263,-0.6041972507736801,0.05
M02_02_Eclipse_STD_High,2,PTV23,observed_export,604.0320000000016,597.45165,0.9558716843219929,-1.0894042037510654,602.2698803708038,597.4516500006,19.78386116027832,19.61901092529297,-0.16485023498535156,24.07590630891194,24.080424803557232,0.004518494645292748,-0.35412416964298643,0.05
M02_02_Eclipse_STD_High,2,PTV22,observed_export,608.1920000000016,596.91945,0.9528221415750989,-1.8534525281492686,606.4380502680166,596.9194499974409,19.817821502685547,19.768268585205078,-0.04955291748046875,23.31791391962476,23.33221259735672,0.01429867773195781,-0.08930316653065518,0.05
M02_02_Eclipse_STD_High,2,PTV21,observed_export,608.1920000000016,597.6909999999999,0.9557247268005423,-1.7265929180261597,606.4380502680166,597.6910000096891,19.949298858642578,19.70176124572754,-0.24753761291503906,23.61579503350119,23.63172208861705,0.0159270551158599,-0.5831954983362095,0.05
M02_02_Eclipse_STD_High,2,PTV17,observed_export,578.1120000000016,564.06185,0.9534333675305798,-2.4303508662683826,576.3581712798699,564.0618499806623,19.71381378173828,19.537343978881836,-0.1764698028564453,24.0874295477806,24.12025444802732,0.03282490024671958,-0.225775518855869,0.05
M00_01_Eclipse_STD_Low,0,GTV09,observed_export,28.992000000000008,24.094500000000014,0.8458291269752398,-16.892591059602623,28.38750000009004,24.094499999977607,19.59442710876465,19.354854583740234,-0.23957252502441406,23.483991362204534,23.683980273027082,0.19998891082254744,-0.292956967301393,0.05
M00_01_Eclipse_STD_Low,0,GTV16,observed_export,119.23200000000003,115.9787,0.9283210790352995,-2.7285460279119933,117.7232499980802,115.97870000177022,19.908294677734375,19.54258155822754,-0.36571311950683594,23.6585663760957,23.631551703420403,-0.027014672675296225,-1.508304789037723,0.05
M00_01_Eclipse_STD_Low,0,GTV02,observed_export,5.952000000000002,4.516999999999994,0.7992539110849978,-24.10954301075281,5.729999999997983,4.5170000000012855,19.23744773864746,18.83429718017578,-0.4031505584716797,21.733604707858703,21.94027961974269,0.20667491188398657,-0.604886658154939,0.05
M00_01_Eclipse_STD_Low,0,GTV15,observed_export,119.23200000000003,109.51989999999996,0.9083344841988015,-8.145548174986628,117.7232499980802,109.51989999874434,20.103891372680664,19.979612350463867,-0.12427902221679688,23.62662231998829,23.75263410289586,0.12601178290757176,-0.42352099755539996,0.05
M00_01_Eclipse_STD_Low,0,GTV18,observed_export,119.23200000000031,116.57514999999998,0.9206548595337127,-2.2283028046164888,118.18277248369847,116.57515000076334,19.89301872253418,19.369579315185547,-0.5234394073486328,23.556763202164465,23.522891921067256,-0.03387128109720905,-1.8205410559534414,0.05
M00_01_Eclipse_STD_Low,0,GTV24,observed_export,120.00000000000031,113.65119999999997,0.9192726831429544,-5.290666666666932,118.95336677287725,113.65119999970948,19.865535736083984,19.818893432617188,-0.046642303466796875,23.118853974322647,23.212532534088172,0.0936785597655252,-0.03713984701590789,0.05
M00_01_Eclipse_STD_Low,0,GTV14,observed_export,29.76000000000008,27.227149999999977,0.8683986091344963,-8.510920698925052,29.0916396249521,27.227150000089964,20.064071655273438,20.36782455444336,0.3037528991699219,23.434086695716488,23.530139280112376,0.09605258439588837,0.7814238337544026,0.05
M00_01_Eclipse_STD_Low,0,GTV17,observed_export,119.23200000000031,111.1287,0.9161476010406387,-6.796245974235349,118.18277248369847,111.12869999930302,20.22511100769043,20.12666893005371,-0.09844207763671875,23.92767422049837,24.04557778634451,0.11790356584613804,-0.4001888186107294,0.05
M00_01_Eclipse_STD_Low,0,GTV01,observed_export,5.952000000000002,3.3456000000000023,0.6797618136080544,-43.79032258064514,5.729999999997983,3.3455999999983277,19.32238006591797,19.170385360717773,-0.1519947052001953,22.30391722042477,22.626565489905317,0.32264826948054903,-0.6730003725725169,0.05
M00_01_Eclipse_STD_Low,0,GTV11,observed_export,29.120000000000076,23.922750000000008,0.8373255886631835,-17.84769917582436,28.47654996416238,23.9227500000568,19.800500869750977,19.461637496948242,-0.3388633728027344,23.092232370596005,23.290921967660495,0.1986895970644902,-0.4103714860094527,0.05
M00_01_Eclipse_STD_Low,0,GTV03,observed_export,5.952000000000016,2.8825999999999974,0.6400618249598138,-51.5692204301077,5.732439754540102,2.882599999998781,19.11557388305664,20.337867736816406,1.2222938537597656,21.667129532149566,22.549474092557332,0.8823445604077662,11.819759193011379,0.05
M00_01_Eclipse_STD_Low,0,GTV21,observed_export,119.48800000000031,115.50779999999997,0.9174153837603853,-3.33104579539395,118.44167378257906,115.50780000024294,19.861478805541992,19.96636390686035,0.10488510131835938,23.79603304173006,23.820512164724715,0.02447912299465571,0.2746936738473238,0.05
M00_01_Eclipse_STD_Low,0,GTV13,observed_export,29.76000000000008,24.006399999999985,0.8304639729649936,-19.333333333333602,29.0916396249521,24.00639999998955,19.759244918823242,19.5627498626709,-0.19649505615234375,23.34919362424782,23.715203410751744,0.36600978650392335,0.3451920372121151,0.05
M00_01_Eclipse_STD_Low,0,GTV07,observed_export,29.504000000000076,25.39379999999999,0.8698667760787205,-13.930992407809361,28.86298061680151,25.39380000000422,19.608999252319336,19.398881912231445,-0.21011734008789062,22.63152893655809,22.84718959841491,0.21566066185681976,-0.2985077979830919,0.05
M00_01_Eclipse_STD_Low,0,GTV04,observed_export,5.952000000000016,4.736949999999999,0.7679351544582204,-20.414146505376575,5.732439754540102,4.736949999998394,19.31584358215332,18.891857147216797,-0.42398643493652344,21.725842341392077,21.85305173946452,0.12720939807244136,-1.7491699731935597,0.05
M00_01_Eclipse_STD_Low,0,GTV22,observed_export,119.48800000000031,111.37149999999995,0.9120991918929985,-6.792732324585183,118.44167378257906,111.37149999880366,20.03839111328125,20.23288345336914,0.19449234008789062,24.28392913589326,24.417240404081312,0.13331126818805217,0.310270361783779,0.05
M00_01_Eclipse_STD_Low,0,GTV08,observed_export,29.504000000000076,27.82535,0.8683994140390521,-5.689567516269223,28.86298061680151,27.82535000009653,18.921371459960938,18.56561279296875,-0.3557586669921875,23.37634709517672,23.296480545325096,-0.07986654985162289,-2.6215654022593924,0.05
M00_01_Eclipse_STD_Low,0,GTV12,observed_export,29.120000000000076,26.204800000000002,0.8770102431598027,-10.010989010989235,28.47654996416238,26.20480000005541,20.229259490966797,20.296405792236328,0.06714630126953125,23.454365884151038,23.52835509326868,0.07398920911764151,0.08399299560549878,0.05
M00_01_Eclipse_STD_Low,0,GTV06,observed_export,29.50400000000001,26.471500000000006,0.8707388293364813,-10.278267353579185,28.93662500009266,26.471500000088554,20.12164306640625,18.95655059814453,-1.1650924682617188,23.683090760124443,23.72880563356917,0.04571487344472658,-2.77867512857253,0.05
M00_01_Eclipse_STD_Low,0,GTV05,observed_export,29.50400000000001,24.766850000000005,0.8636281238224749,-16.05595851409979,28.93662500009266,24.76685000001773,19.80098533630371,19.58574867248535,-0.21523666381835938,23.04276699257797,23.338394425512885,0.2956274329349142,-0.3073295794543043,0.05
M00_01_Eclipse_STD_Low,0,GTV10,observed_export,28.992000000000008,25.59235000000001,0.8636606221136006,-11.726165838852086,28.38750000009004,25.59234999998754,18.95914649963379,19.18526840209961,0.2261219024658203,22.76713287688962,22.87551211991119,0.1083792430215702,0.705115418916094,0.05
M00_01_Eclipse_STD_Low,0,GTV23,observed_export,120.00000000000031,115.4917,0.9165147383407952,-3.7569166666669207,118.95336677287725,115.4916999997406,19.978321075439453,19.453014373779297,-0.5253067016601562,23.12667686593694,23.155515527718276,0.028838661781335873,-1.8148726704823588,0.05
M00_01_Eclipse_STD_Low,0,GTV19,observed_export,119.61600000000003,113.16454999999996,0.9137688729692808,-5.393467429106524,118.42487499806361,113.16454999983344,19.73756217956543,19.661401748657227,-0.07616043090820312,23.708735838621415,23.756387357923195,0.047651519301780354,-0.2834205861476278,0.05
M00_01_Eclipse_STD_Low,0,GTV20,observed_export,119.61600000000003,112.23965000000001,0.9172447725851393,-6.166691746923503,118.42487499806361,112.23964999920128,19.918516159057617,20.069122314453125,0.1506061553955078,24.19219406833276,24.2886548354898,0.09646076715704055,0.2959059024146029,0.05
M01_03_Eclipse_HDSS_Low,1,PTV11,observed_export,104.89600000000027,96.92484999999996,0.8973784330971817,-7.599098154362693,104.0519019923405,96.92484999937119,20.18935775756836,19.88901138305664,-0.30034637451171875,23.291959161355322,23.358897422924652,0.06693826156933014,-0.8541038986199254,0.05
M01_03_Eclipse_HDSS_Low,1,PTV16,observed_export,281.7920000000001,286.2624,0.944255899945472,1.586418351124208,280.5958749998212,286.2623999903087,20.14811897277832,19.477684020996094,-0.6704349517822266,23.457219489187842,23.35406943166052,-0.10315005752732276,-2.4064622736770502,0.05
M01_03_Eclipse_HDSS_Low,1,PTV14,observed_export,108.35200000000029,104.90459999999995,0.8949387875352953,-3.181667158889856,107.51494992363463,104.90460000038841,20.23572540283203,19.741668701171875,-0.49405670166015625,23.906028416920325,23.880245100222446,-0.025783316697879144,-1.3096799854546646,0.05
M01_03_Eclipse_HDSS_Low,1,PTV15,observed_export,273.6000000000001,275.87745,0.9476483263428771,0.832401315789455,272.4118749981539,275.8774499990883,19.96192741394043,19.50247573852539,-0.45945167541503906,23.65018839526163,23.58053547853516,-0.06965291672646856,-1.3911512609094245,0.05
M01_03_Eclipse_HDSS_Low,1,PTV19,observed_export,291.6480000000001,289.69225,0.9408597707259811,-0.6705857746324595,290.3442500018072,289.6922500006046,20.099111557006836,19.829137802124023,-0.2699737548828125,24.21830996438066,24.178920329287966,-0.039389635092693,-0.6811903644389332,0.05
M01_03_Eclipse_HDSS_Low,1,PTV01,observed_export,31.296000000000006,31.4131,0.9096965415315023,0.3741692229038751,30.83800000010174,31.413100000154646,19.719972610473633,19.406801223754883,-0.31317138671875,22.85750783642707,22.825374991287894,-0.032132845139177135,-0.9812294130208699,0.05
M01_03_Eclipse_HDSS_Low,1,PTV04,observed_export,36.416000000000096,35.61815,0.8488727509658194,-2.1909325571180083,36.01699456546238,35.61814999990776,20.668872833251953,20.062744140625,-0.6061286926269531,23.52945739557781,23.427481237542004,-0.10197615803580717,-1.2435708125132123,0.05
M01_03_Eclipse_HDSS_Low,1,PTV12,observed_export,104.89600000000027,100.79750000000001,0.9076778323400702,-3.907203325198527,104.0519019923405,100.7975000000614,20.191856384277344,20.1920166015625,0.00016021728515625,24.073974557653337,24.104021055500265,0.030046497846928588,0.0027778605159767267,0.05
M01_03_Eclipse_HDSS_Low,1,PTV02,observed_export,36.41600000000001,36.275000000000006,0.8828267438268379,-0.38719244288226706,36.02600000001208,36.274999999862644,19.504539489746094,18.925785064697266,-0.5787544250488281,22.6390320912572,22.551277480657866,-0.0877546105993332,-3.2179139567022332,0.05
M01_03_Eclipse_HDSS_Low,1,PTV24,observed_export,289.4720000000008,285.43449999999996,0.9308896111969811,-1.3947808423615426,288.2637311502741,285.43449999833643,19.87938690185547,19.65154266357422,-0.22784423828125,23.240837663242765,23.22711398008996,-0.013723683152804256,-0.7387903672973977,0.05
M01_03_Eclipse_HDSS_Low,1,PTV08,observed_export,101.95200000000027,100.47555,0.8953173355320858,-1.4481814971754048,101.1118259713745,100.47555000034278,19.639564514160156,19.049213409423828,-0.5903511047363281,23.624690082535622,23.47244983770036,-0.15224024483526222,-2.7143363633893927,0.05
M01_03_Eclipse_HDSS_Low,1,PTV09,observed_export,104.51200000000003,109.08759999999998,0.9144681580775861,4.378061849356962,103.63387499841338,109.08759999954707,19.720802307128906,17.606672286987305,-2.1141300201416016,23.695122193539508,23.372325502278485,-0.32279669126102206,-4.969629713672774,0.05
M01_03_Eclipse_HDSS_Low,1,PTV06,observed_export,101.95200000000003,103.86610000000003,0.911983822032061,1.8774521343377426,101.0194999984752,103.86609999974901,19.89785385131836,18.924427032470703,-0.9734268188476562,23.151849618726526,22.986063751134562,-0.16578586759196412,-4.022900029977251,0.05
M01_03_Eclipse_HDSS_Low,1,PTV18,observed_export,281.7920000000007,287.10699999999997,0.9331326366768157,1.886142970701532,280.5463362515012,287.1070000028665,20.20806884765625,19.554086685180664,-0.6539821624755859,23.815760828410806,23.68076628750202,-0.13499454090878515,-2.4234390208355734,0.05
M01_03_Eclipse_HDSS_Low,1,PTV05,observed_export,101.95200000000003,100.38024999999999,0.9323666442730031,-1.5416568581293477,101.0194999984752,100.38024999965599,20.147253036499023,19.916622161865234,-0.23063087463378906,23.464298193198797,23.444948036715903,-0.01935015648289351,-0.8217369706144808,0.05
M01_03_Eclipse_HDSS_Low,1,PTV20,observed_export,291.6480000000001,289.8762500000001,0.9415821474486497,-0.6074960226025938,290.3442500018072,289.8762499949198,20.317123413085938,20.047744750976562,-0.269378662109375,23.954441855697606,23.92587113369551,-0.028570722002097426,-0.6211327709274457,0.05
M01_03_Eclipse_HDSS_Low,1,PTV03,observed_export,36.416000000000096,34.658350000000006,0.855254207700437,-4.826587214411482,36.01699456546238,34.65835000008035,20.168819427490234,19.427867889404297,-0.7409515380859375,22.918366814223752,22.881418469664418,-0.0369483445593346,-2.3728519630639227,0.05
M01_03_Eclipse_HDSS_Low,1,PTV10,observed_export,104.38400000000003,102.30039999999997,0.9351256864940005,-1.9960913549969872,103.4678749984173,102.30040000001154,19.580198287963867,19.036928176879883,-0.5432701110839844,23.66526369722531,23.624679082015415,-0.04058461520989454,-1.609021484991132,0.05
M01_03_Eclipse_HDSS_Low,1,PTV13,observed_export,108.35200000000029,105.15174999999996,0.8900187407180331,-2.953568000590956,107.51494992363463,105.15175000045924,19.971424102783203,19.25040054321289,-0.7210235595703125,22.76621748297865,22.712971961892233,-0.053245521086417114,-2.9911277445613393,0.05
M01_03_Eclipse_HDSS_Low,1,PTV07,observed_export,101.95200000000027,97.02429999999998,0.8905452923993826,-4.833352950408298,101.1118259713745,97.02429999930882,19.86285972595215,19.19129753112793,-0.6715621948242188,23.448946159272996,23.419051197130656,-0.029894962142339665,-2.920209768319978,0.05
M01_03_Eclipse_HDSS_Low,1,PTV23,observed_export,289.4720000000008,288.89520000000005,0.9293053481717636,-0.19925934114550792,288.2637311502741,288.89520000060037,19.62100601196289,19.05274200439453,-0.5682640075683594,23.892042039508123,23.81118301893823,-0.08085902056989269,-1.8985966836287673,0.05
M01_03_Eclipse_HDSS_Low,1,PTV17,observed_export,281.7920000000007,281.85020000000003,0.9274613464678539,0.020653531682701676,280.5463362515012,281.85020000388107,20.086484909057617,19.62662696838379,-0.4598579406738281,24.21373379574344,24.139901037261026,-0.07383275848241411,-1.127879001933735,0.05
M01_03_Eclipse_HDSS_Low,1,PTV22,observed_export,288.9600000000008,284.95029999999986,0.9211491525363746,-1.3876315060911248,287.75574868007527,284.9502999987379,20.328197479248047,20.048254013061523,-0.27994346618652344,24.049013184406327,24.013991638174463,-0.03502154623186371,-0.6030197078283948,0.05
M01_03_Eclipse_HDSS_Low,1,PTV21,observed_export,288.9600000000008,291.31735,0.9253928479263244,0.8158049557029257,287.75574868007527,291.3173499995919,19.930879592895508,19.393712997436523,-0.5371665954589844,23.147380069241283,23.050765071524282,-0.09661499771700122,-1.869784514002177,0.05
M01_01_Eclipse_STD_Low,1,PTV11,observed_export,104.89600000000027,98.59665,0.911279784456154,-6.005329087858691,104.0519019923405,98.59665000046942,20.18935775756836,19.96223258972168,-0.2271251678466797,23.291959161355322,23.34238181874096,0.05042265738563856,-0.6567812720826538,0.05
M01_01_Eclipse_STD_Low,1,PTV16,observed_export,281.7920000000001,279.45560000000006,0.9461270595987572,-0.8291221894163203,280.5958749998212,279.4555999889416,20.14811897277832,19.62029457092285,-0.5278244018554688,23.457219489187842,23.42070522635929,-0.03651426282855397,-1.8232237377019231,0.05
M01_01_Eclipse_STD_Low,1,PTV14,observed_export,108.35200000000029,102.98509999999996,0.9154303879838399,-4.953208062611036,107.51494992363463,102.98510000017706,20.23572540283203,20.074289321899414,-0.1614360809326172,23.906028416920325,23.96719265721466,0.061164240294335315,-0.45807924826371504,0.05
M01_01_Eclipse_STD_Low,1,PTV15,observed_export,273.6000000000001,270.9625499999999,0.9492379138396676,-0.9639802631579597,272.4118749981539,270.96255000368376,19.96192741394043,19.629554748535156,-0.33237266540527344,23.65018839526163,23.636801707640874,-0.013386687620755566,-0.9587990721051369,0.05
M01_01_Eclipse_STD_Low,1,PTV19,observed_export,291.6480000000001,287.57044999999994,0.9400306809554708,-1.3981066216809834,290.3442500018072,287.5704499972478,20.099111557006836,19.883872985839844,-0.2152385711669922,24.21830996438066,24.203398612874224,-0.0149113515064343,-0.5301123950091267,0.05
M01_01_Eclipse_STD_Low,1,PTV01,observed_export,31.296000000000006,29.22050000000001,0.9016535910309552,-6.631837934560325,30.83800000010174,29.220500000120964,19.719972610473633,19.738759994506836,0.018787384033203125,22.85750783642707,22.991529660333622,0.1340218239065507,0.4592067076128643,0.05
M01_01_Eclipse_STD_Low,1,PTV04,observed_export,36.416000000000096,32.980999999999995,0.866633964553436,-9.432666959578462,36.01699456546238,32.981000000008834,20.668872833251953,20.088125228881836,-0.5807476043701172,23.52945739557781,23.588495908252938,0.0590385126751265,-1.19261964762687,0.05
M01_01_Eclipse_STD_Low,1,PTV12,observed_export,104.89600000000027,101.21195000000002,0.9200592920618502,-3.5120976967665585,104.0519019923405,101.21195000134063,20.191856384277344,20.09691047668457,-0.09494590759277344,24.073974557653337,24.117506806635788,0.04353224898245145,-0.24560496863342962,0.05
M01_01_Eclipse_STD_Low,1,PTV02,observed_export,36.41600000000001,34.72210000000001,0.8819023054419144,-4.65152680140597,36.02600000001208,34.72210000000004,19.504539489746094,18.942014694213867,-0.5625247955322266,22.6390320912572,22.62561957787096,-0.013412513386239056,-2.592776051307027,0.05
M01_01_Eclipse_STD_Low,1,PTV24,observed_export,289.4720000000008,281.6554499999999,0.9417558893477037,-2.7002784379839273,288.2637311502741,281.65544999776506,19.87938690185547,19.831541061401367,-0.04784584045410156,23.240837663242765,23.28122070043185,0.04038303718908409,-0.04956261757135394,0.05
M01_01_Eclipse_STD_Low,1,PTV08,observed_export,101.95200000000027,97.70540000000003,0.9153677655958717,-4.16529347143777,101.1118259713745,97.70539999991237,19.639564514160156,19.52243423461914,-0.11713027954101562,23.624690082535622,23.62922209213266,0.004532009597038922,-0.6702349178545575,0.05
M01_01_Eclipse_STD_Low,1,PTV09,observed_export,104.51200000000003,95.34239999999998,0.9023719039116203,-8.773729332516877,103.63387499841338,95.34240000054753,19.720802307128906,19.80742073059082,0.08661842346191406,23.695122193539508,23.83195215417967,0.1368299606401635,0.38339624561034213,0.05
M01_01_Eclipse_STD_Low,1,PTV06,observed_export,101.95200000000003,97.73819999999999,0.9045579381500976,-4.133121468926582,101.0194999984752,97.73819999925395,19.89785385131836,19.300521850585938,-0.5973320007324219,23.151849618726526,23.146819630685503,-0.005029988041023614,-2.2789943093388274,0.05
M01_01_Eclipse_STD_Low,1,PTV18,observed_export,281.7920000000007,276.08209999999997,0.9432708663361848,-2.026281796502638,280.5463362515012,276.0820999985324,20.20806884765625,20.0373592376709,-0.17070960998535156,23.815760828410806,23.82849166297909,0.012730834568284166,-0.6187511975084163,0.05
M01_01_Eclipse_STD_Low,1,PTV05,observed_export,101.95200000000003,96.69869999999999,0.9260409891968517,-5.152718926553712,101.0194999984752,96.69869999890598,20.147253036499023,20.013671875,-0.13358116149902344,23.464298193198797,23.537796443564797,0.07349825036600066,-0.5412493374834497,0.05
M01_01_Eclipse_STD_Low,1,PTV20,observed_export,291.6480000000001,285.78105,0.940976353984917,-2.011654460171197,290.3442500018072,285.78105000413086,20.317123413085938,20.200559616088867,-0.11656379699707031,23.954441855697606,23.971974597985554,0.017532742287947656,-0.2843423731259094,0.05
M01_01_Eclipse_STD_Low,1,PTV03,observed_export,36.416000000000096,30.9973,0.863931691559182,-14.879997803163668,36.01699456546238,30.997299999923325,20.168819427490234,20.151521682739258,-0.017297744750976562,22.918366814223752,23.143306488281155,0.22493967405740278,-0.23581139901230586,0.05
M01_01_Eclipse_STD_Low,1,PTV10,observed_export,104.38400000000003,99.61724999999998,0.9265225994048804,-4.566552345187047,103.4678749984173,99.61725000050752,19.580198287963867,19.04422950744629,-0.5359687805175781,23.66526369722531,23.679120881588084,0.013857184362773722,-1.5394512609595665,0.05
M01_01_Eclipse_STD_Low,1,PTV13,observed_export,108.35200000000029,102.54839999999996,0.9106981511297109,-5.356246308328705,107.51494992363463,102.54840000026279,19.971424102783203,19.722782135009766,-0.2486419677734375,22.76621748297865,22.822855177347652,0.05663769436900168,-0.8615689474798813,0.05
M01_01_Eclipse_STD_Low,1,PTV07,observed_export,101.95200000000027,94.65195,0.9129030548213993,-7.160281308851468,101.1118259713745,94.65195000024059,19.86285972595215,19.743053436279297,-0.11980628967285156,23.448946159272996,23.57413339184199,0.12518723256899378,-0.3293787464628366,0.05
M01_01_Eclipse_STD_Low,1,PTV23,observed_export,289.4720000000008,284.32895,0.9406766573580749,-1.7767003371658596,288.2637311502741,284.3289500003998,19.62100601196289,19.377347946166992,-0.24365806579589844,23.892042039508123,23.90366808867333,0.011626049165208485,-0.5619856908972025,0.05
M01_01_Eclipse_STD_Low,1,PTV17,observed_export,281.7920000000007,273.3074,0.9399726836030616,-3.0109442425621413,280.5463362515012,273.30740000625116,20.086484909057617,19.927780151367188,-0.1587047576904297,24.21373379574344,24.252694053553647,0.0389602578102064,-0.3477979130210116,0.05
M01_01_Eclipse_STD_Low,1,PTV22,observed_export,288.9600000000008,280.62039999999985,0.9371920858412057,-2.8860741971210246,287.75574868007527,280.6204000011437,20.328197479248047,20.313247680664062,-0.014949798583984375,24.049013184406327,24.08116876850706,0.032155584100731716,-0.03888547524420005,0.05
M01_01_Eclipse_STD_Low,1,PTV21,observed_export,288.9600000000008,281.0798,0.942185215226559,-2.7270902547067988,287.75574868007527,281.07979999288136,19.930879592895508,19.796329498291016,-0.1345500946044922,23.147380069241283,23.16864497885644,0.0212649096151587,-0.38372952605935495,0.05
M02_03_Eclipse_HDSS_Low,2,PTV09,observed_export,279.10400000000004,279.54730000000006,0.9425802396208952,0.15882968355882543,277.07324999910355,279.54730000076773,19.691011428833008,18.49677085876465,-1.1942405700683594,24.31751562622196,24.216139393675096,-0.10137623254686545,-1.6228261633876713,0.05
M02_03_Eclipse_HDSS_Low,2,PTV11,observed_export,284.09600000000074,278.0384999999999,0.9231407095568108,-2.1322017909441993,282.77976699132205,278.03850000192324,20.24959945678711,20.00770378112793,-0.2418956756591797,23.755965160749405,23.760124290754632,0.004159130005227496,-0.8147258146619407,0.05
M02_03_Eclipse_HDSS_Low,2,PTV19,observed_export,610.6240000000001,612.6514999999999,0.9561858287010241,0.33203739125875487,608.7928750666837,612.6515000078217,20.034318923950195,19.755739212036133,-0.2785797119140625,23.651980009080752,23.60860339319092,-0.04337661588983366,-0.7592684895887061,0.05
M02_03_Eclipse_HDSS_Low,2,PTV15,observed_export,578.1120000000002,588.0499499999997,0.950699210929856,1.7190354118232332,575.6495000599315,588.0499499909847,19.979921340942383,18.906761169433594,-1.073160171508789,23.497103456161142,23.363572702833565,-0.1335307533275767,-2.6253600064356704,0.05
M02_03_Eclipse_HDSS_Low,2,PTV16,observed_export,578.1120000000002,583.6756,0.9611099287793552,0.9623740728439856,575.6495000599315,583.6756000092385,19.68365478515625,19.33856773376465,-0.34508705139160156,24.035284468045273,23.963743440181386,-0.07154102786388705,-1.0826524738059362,0.05
M02_03_Eclipse_HDSS_Low,2,PTV07,observed_export,268.73600000000073,267.0882,0.9292225327768053,-0.6131668254349076,267.34582770280565,267.0882000045302,19.71426773071289,19.1149959564209,-0.5992717742919922,23.268084894983954,23.201831903687758,-0.06625299129619577,-2.4396230237957752,0.05
M02_03_Eclipse_HDSS_Low,2,PTV06,observed_export,268.73600000000005,269.37440000000004,0.9455977845034834,0.237556561085972,267.3586249971244,269.37440000021786,19.85152816772461,19.02367401123047,-0.8278541564941406,23.731784631138126,23.647164998549393,-0.0846196325887334,-1.8351357483647774,0.05
M02_03_Eclipse_HDSS_Low,2,PTV05,observed_export,261.05600000000004,262.52085,0.9456757841096506,0.5611248161313975,259.68662499556143,262.52085000190306,20.114042282104492,19.84271812438965,-0.27132415771484375,23.99234823898479,23.93613915732572,-0.05620908165906968,-0.9514875580498909,0.05
M02_03_Eclipse_HDSS_Low,2,PTV20,observed_export,613.8240000000002,615.9186,0.9554774117029664,0.34123787926176874,611.9788750673328,615.9185999926328,20.5269718170166,20.185665130615234,-0.3413066864013672,24.23127083070443,24.18898054925386,-0.042290281450572564,-0.7135250860166309,0.05
M02_03_Eclipse_HDSS_Low,2,PTV10,observed_export,278.08000000000004,283.88599999999997,0.9400658069299223,2.0878883774453127,276.0352499988921,283.8860000053709,19.87480926513672,19.080162048339844,-0.794647216796875,23.704897487130147,23.56283159823629,-0.14206588889385685,-2.51650293750059,0.05
M02_03_Eclipse_HDSS_Low,2,PTV14,observed_export,287.9360000000008,287.3102999999999,0.9362695305838492,-0.21730523449684513,286.5304252896613,287.31030000021417,19.72598648071289,19.30401039123535,-0.42197608947753906,23.416381172413068,23.366651638683358,-0.04972953372971034,-1.5708487760143441,0.05
M02_03_Eclipse_HDSS_Low,2,PTV08,observed_export,268.73600000000073,270.94829999999996,0.9278856571677878,0.8232242795900957,267.34582770280565,270.9482999966802,19.72624969482422,18.93920135498047,-0.78704833984375,23.394032842327363,23.269272551007187,-0.1247602913201753,-3.491363886927303,0.05
M02_03_Eclipse_HDSS_Low,2,PTV18,observed_export,578.1120000000016,576.5882499999999,0.9440709949293195,-0.2635734944096746,576.3581712798699,576.5882500001866,19.858259201049805,19.547073364257812,-0.3111858367919922,23.727125027671146,23.68840443284465,-0.038720594826497035,-1.0904843383748215,0.05
M02_03_Eclipse_HDSS_Low,2,PTV24,observed_export,604.0320000000016,595.41915,0.9458502419329066,-1.425892999046685,602.2698803708038,595.4191499935864,20.345258712768555,20.097450256347656,-0.24780845642089844,24.51655096310146,24.521734405315964,0.005183442214505618,-0.7523270259864745,0.05
M02_03_Eclipse_HDSS_Low,2,PTV03,observed_export,142.27200000000036,138.04125,0.9057267947806398,-2.973705296896334,141.3499067604155,138.04125000143964,20.02962875366211,19.197757720947266,-0.8318710327148438,23.445472514321963,23.42130233044986,-0.0241701838721049,-2.260258799903994,0.05
M02_03_Eclipse_HDSS_Low,2,PTV02,observed_export,142.27200000000002,139.4824,0.9403572482253824,-1.9607512370670266,141.12849999752675,139.48240000092488,20.23533821105957,19.976572036743164,-0.25876617431640625,23.489919598246793,23.473524295211515,-0.01639530303527792,-0.7337325778154593,0.05
M02_03_Eclipse_HDSS_Low,2,PTV12,observed_export,284.09600000000074,280.1289000000001,0.9280679610628585,-1.3963941766165777,282.77976699132205,280.12890000302946,19.904325485229492,19.559585571289062,-0.3447399139404297,23.54579303749229,23.52424070648354,-0.021552331008752645,-0.975354839757614,0.05
M02_03_Eclipse_HDSS_Low,2,PTV13,observed_export,287.9360000000008,285.88139999999987,0.9282177749440438,-0.7135613469663071,286.5304252896613,285.88140000250195,19.782400131225586,19.07375144958496,-0.708648681640625,23.628211283435665,23.563308095233012,-0.06490318820265273,-2.581327717477066,0.05
M02_03_Eclipse_HDSS_Low,2,PTV04,observed_export,142.27200000000036,142.47074999999998,0.9138237873369996,0.13969719972983796,141.3499067604155,142.4707499993493,20.387657165527344,20.27859878540039,-0.10905838012695312,24.013199992186497,23.971751012625823,-0.041448979560673394,-0.36056382276260024,0.05
M02_03_Eclipse_HDSS_Low,2,PTV01,observed_export,142.27200000000002,148.4662,0.920166702662054,4.3537730544309206,141.12849999752675,148.46620000020732,19.897579193115234,19.041702270507812,-0.8558769226074219,22.917307881679356,22.726285846934733,-0.19102203474462343,-4.59210846388558,0.05
M02_03_Eclipse_HDSS_Low,2,PTV23,observed_export,604.0320000000016,598.21095,0.9472739925548885,-0.9636989431026199,602.2698803708038,598.2109500012084,19.78386116027832,19.567062377929688,-0.2167987823486328,24.07590630891194,24.063850492179505,-0.012055816732434721,-0.5197254155626609,0.05
M02_03_Eclipse_HDSS_Low,2,PTV22,observed_export,608.1920000000016,604.6616999999998,0.9431184660926647,-0.5804581447966806,606.4380502680166,604.6617000138342,19.817821502685547,19.43552589416504,-0.3822956085205078,23.31791391962476,23.284047332050086,-0.03386658757467487,-1.0786028521516045,0.05
M02_03_Eclipse_HDSS_Low,2,PTV21,observed_export,608.1920000000016,607.1450499999999,0.9455757255176092,-0.17214136325399698,606.4380502680166,607.1450499879838,19.949298858642578,19.506317138671875,-0.4429817199707031,23.61579503350119,23.571131756148603,-0.044663277352587016,-1.312449136090521,0.05
M02_03_Eclipse_HDSS_Low,2,PTV17,observed_export,578.1120000000016,574.0305000000001,0.943973252510944,-0.7060050647627936,576.3581712798699,574.0304999989927,19.71381378173828,19.556537628173828,-0.15727615356445312,24.0874295477806,24.075402831517007,-0.01202671626359475,-0.2527184625646157,0.05
M02_01_Eclipse_STD_Low,2,PTV09,observed_export,279.10400000000004,273.5208,0.9398792882004472,-2.0004012841091656,277.07324999910355,273.52080000480083,19.691011428833008,18.5457763671875,-1.1452350616455078,24.31751562622196,24.25937267288144,-0.05814295334052133,-1.497825460405366,0.05
M02_01_Eclipse_STD_Low,2,PTV11,observed_export,284.09600000000074,273.56435,0.9382420777424348,-3.7070743692275587,282.77976699132205,273.56435000121223,20.24959945678711,20.12067413330078,-0.12892532348632812,23.755965160749405,23.79976845682919,0.043803296079786946,-0.4779044411286577,0.05
M02_01_Eclipse_STD_Low,2,PTV19,observed_export,610.6240000000001,602.9206999999999,0.9555365931354751,-1.2615455665024977,608.7928750666837,602.9206999678413,20.034318923950195,19.898784637451172,-0.13553428649902344,23.651980009080752,23.653028067326744,0.0010480582459919674,-0.3732497086062949,0.05
M02_01_Eclipse_STD_Low,2,PTV15,observed_export,578.1120000000002,561.9232499999997,0.9495684691605534,-2.80027918465634,575.6495000599315,561.9232500013744,19.979921340942383,19.963716506958008,-0.016204833984375,23.497103456161142,23.541783086689296,0.04467963052815449,-0.03579474868915611,0.05
M02_01_Eclipse_STD_Low,2,PTV16,observed_export,578.1120000000002,571.3521,0.9594401112017076,-1.169306293590211,575.6495000599315,571.3520999737838,19.68365478515625,19.568889617919922,-0.11476516723632812,24.035284468045273,24.042013777571555,0.006729309526281924,-0.23730333474347276,0.05
M02_01_Eclipse_STD_Low,2,PTV07,observed_export,268.73600000000073,257.34509999999995,0.9407374176588427,-4.238695225053868,267.34582770280565,257.3450999994743,19.71426773071289,19.618865966796875,-0.09540176391601562,23.268084894983954,23.339620007169568,0.07153511218561448,-0.4287526541824036,0.05
M02_01_Eclipse_STD_Low,2,PTV06,observed_export,268.73600000000005,263.72900000000004,0.9454300776429188,-1.8631668254346256,267.3586249971244,263.7289999933461,19.85152816772461,19.151309967041016,-0.7002182006835938,23.731784631138126,23.708554782786475,-0.023229848351650872,-1.440664780600244,0.05
M02_01_Eclipse_STD_Low,2,PTV05,observed_export,261.05600000000004,254.38755,0.9464939268549685,-2.5544136124050154,259.68662499556143,254.38754999374098,20.114042282104492,20.03234100341797,-0.08170127868652344,23.99234823898479,24.03702093853231,0.0446726995475224,-0.292931161833792,0.05
M02_01_Eclipse_STD_Low,2,PTV20,observed_export,613.8240000000002,604.85565,0.9545087280775365,-1.461062128558055,611.9788750673328,604.8556499682222,20.5269718170166,20.338958740234375,-0.18801307678222656,24.23127083070443,24.232273319149993,0.001002488445561056,-0.49716469737288094,0.05
M02_01_Eclipse_STD_Low,2,PTV10,observed_export,278.08000000000004,268.61930000000007,0.9431034046907933,-3.4021504602991803,276.0352499988921,268.61930000025706,19.87480926513672,19.712499618530273,-0.1623096466064453,23.704897487130147,23.737753015991153,0.03285552886100618,-0.5018679660231555,0.05
M02_01_Eclipse_STD_Low,2,PTV14,observed_export,287.9360000000008,281.55369999999994,0.9450477013136535,-2.2165689597691274,286.5304252896613,281.5536999969507,19.72598648071289,19.519981384277344,-0.20600509643554688,23.416381172413068,23.43883096015848,0.022449787745411953,-0.6862782382294057,0.05
M02_01_Eclipse_STD_Low,2,PTV08,observed_export,268.73600000000073,261.4278,0.939542344774692,-2.719471898071235,267.34582770280565,261.4277999980428,19.72624969482422,19.375207901000977,-0.3510417938232422,23.394032842327363,23.413264957078702,0.01923211475133968,-1.2077749036440224,0.05
M02_01_Eclipse_STD_Low,2,PTV18,observed_export,578.1120000000016,570.66705,0.9545863138267273,-1.2878040933247403,576.3581712798699,570.667049972045,19.858259201049805,19.730716705322266,-0.12754249572753906,23.727125027671146,23.734764174850667,0.0076391471795211885,-0.44782361774630886,0.05
M02_01_Eclipse_STD_Low,2,PTV24,observed_export,604.0320000000016,590.4660999999999,0.9546587963367864,-2.245890946175322,602.2698803708038,590.4660999707603,20.345258712768555,20.256969451904297,-0.08828926086425781,24.51655096310146,24.559898087442782,0.043347124341323706,-0.3626220745354374,0.05
M02_01_Eclipse_STD_Low,2,PTV03,observed_export,142.27200000000036,135.8074,0.9229908506357092,-4.543831533963349,141.3499067604155,135.8073999982013,20.02962875366211,19.343217849731445,-0.6864109039306641,23.445472514321963,23.472328942301488,0.026856427979524256,-1.8673844478475417,0.05
M02_01_Eclipse_STD_Low,2,PTV02,observed_export,142.27200000000002,138.72480000000002,0.9397394886288837,-2.493252361673415,141.12849999752675,138.72480000040304,20.23533821105957,20.038955688476562,-0.1963825225830078,23.489919598246793,23.49028349404761,0.0003638958008167492,-0.5715290526802477,0.05
M02_01_Eclipse_STD_Low,2,PTV12,observed_export,284.09600000000074,276.68795,0.9438793389954447,-2.6075868720435103,282.77976699132205,276.68794999611515,19.904325485229492,19.632675170898438,-0.2716503143310547,23.54579303749229,23.567470268624387,0.021677231132095187,-0.708744084721161,0.05
M02_01_Eclipse_STD_Low,2,PTV13,observed_export,287.9360000000008,279.1510999999999,0.938120315870745,-3.050990497888728,286.5304252896613,279.15110000241305,19.782400131225586,19.438467025756836,-0.34393310546875,23.628211283435665,23.66351100574345,0.03529972230778711,-1.2342907042996671,0.05
M02_01_Eclipse_STD_Low,2,PTV04,observed_export,142.27200000000036,136.87345,0.9271629721888262,-3.794527384165791,141.3499067604155,136.87344999893094,20.387657165527344,20.438169479370117,0.05051231384277344,24.013199992186497,24.043721488711903,0.030521496525405922,-0.11374442039100074,0.05
M02_01_Eclipse_STD_Low,2,PTV01,observed_export,142.27200000000002,131.42045000000005,0.9158083999635032,-7.627326529464673,141.12849999752675,131.42044999879792,19.897579193115234,19.776819229125977,-0.12075996398925781,22.917307881679356,23.020689900191687,0.10338201851233109,-0.5899239945109684,0.05
M02_01_Eclipse_STD_Low,2,PTV23,observed_export,604.0320000000016,597.0202,0.9551387440109899,-1.1608325386737062,602.2698803708038,597.0201999910926,19.78386116027832,19.632038116455078,-0.1518230438232422,24.07590630891194,24.081926099260993,0.006019790349053977,-0.3102655310588176,0.05
M02_01_Eclipse_STD_Low,2,PTV22,observed_export,608.1920000000016,597.7322999999997,0.9530549876527836,-1.7198022992742312,606.4380502680166,597.7322999949444,19.817821502685547,19.750383377075195,-0.06743812561035156,23.31791391962476,23.328759690013968,0.010845770389206422,-0.1596683668009149,0.05
M02_01_Eclipse_STD_Low,2,PTV21,observed_export,608.1920000000016,598.3133499999999,0.9559137274252855,-1.6242650347261467,606.4380502680166,598.3133500078734,19.949298858642578,19.732603073120117,-0.21669578552246094,23.61579503350119,23.63096498539416,0.015169951892971767,-0.5400740538393478,0.05
M02_01_Eclipse_STD_Low,2,PTV17,observed_export,578.1120000000016,562.96005,0.9530650754720005,-2.62093677349744,576.3581712798699,562.9600500070782,19.71381378173828,19.60234260559082,-0.11147117614746094,24.0874295477806,24.130057059874645,0.04262751209404314,-0.08695087687111425,0.05
M00_03_Eclipse_HDSS_Low,0,GTV09,observed_export,28.992000000000008,25.808949999999992,0.8608306014973665,-10.979063189845528,28.38750000009004,25.808949999974597,19.59442710876465,19.10395050048828,-0.4904766082763672,23.483991362204534,23.55626366191248,0.07227229970794724,-1.009521114493893,0.05
M00_03_Eclipse_HDSS_Low,0,GTV16,observed_export,119.23200000000003,117.07,0.9275924772871055,-1.8132716049383046,117.7232499980802,117.06999999915935,19.908294677734375,19.464670181274414,-0.44362449645996094,23.6585663760957,23.601423956501332,-0.057142419594367055,-1.8708042194384404,0.05
M00_03_Eclipse_HDSS_Low,0,GTV02,observed_export,5.952000000000002,5.020199999999996,0.8186155818559957,-15.655241935483954,5.729999999997983,5.020200000001702,19.23744773864746,18.501384735107422,-0.7360630035400391,21.733604707858703,21.75883088615803,0.025226178299327273,-3.939305078681869,0.05
M00_03_Eclipse_HDSS_Low,0,GTV15,observed_export,119.23200000000003,120.35855000000002,0.9132765139496022,0.9448386339237835,117.7232499980802,120.35855000072111,20.103891372680664,19.055313110351562,-1.0485782623291016,23.62662231998829,23.473205834743563,-0.15341648524472618,-3.030210379845059,0.05
M00_03_Eclipse_HDSS_Low,0,GTV18,observed_export,119.23200000000031,121.43219999999998,0.9061954471888657,1.845309983896648,118.18277248369847,121.4322000007827,19.89301872253418,18.84477996826172,-1.048238754272461,23.556763202164465,23.348896576069006,-0.20786662609545914,-4.402706826977891,0.05
M00_03_Eclipse_HDSS_Low,0,GTV24,observed_export,120.00000000000031,113.65799999999999,0.9019800085736739,-5.285000000000261,118.95336677287725,113.6579999994979,19.865535736083984,19.323047637939453,-0.5424880981445312,23.118853974322647,23.1353064784882,0.016452504165552995,-2.02467196842845,0.05
M00_03_Eclipse_HDSS_Low,0,GTV14,observed_export,29.76000000000008,27.58599999999996,0.8398104645155305,-7.305107526882104,29.0916396249521,27.586000000107784,20.064071655273438,20.152542114257812,0.088470458984375,23.434086695716488,23.465685845721016,0.03159915000452784,0.3301694639729078,0.05
M00_03_Eclipse_HDSS_Low,0,GTV17,observed_export,119.23200000000031,113.5288,0.9026029810783845,-4.783279656468309,118.18277248369847,113.52880000082351,20.22511100769043,19.736976623535156,-0.48813438415527344,23.92767422049837,23.952533232683606,0.02485901218523523,-1.5851480011773305,0.05
M00_03_Eclipse_HDSS_Low,0,GTV01,observed_export,5.952000000000002,5.9743,0.7379522142136965,0.37466397849459376,5.729999999997983,5.974300000003149,19.32238006591797,17.69387435913086,-1.6285057067871094,22.30391722042477,21.811366069286812,-0.4925511511379561,-13.960828551330152,0.05
M00_03_Eclipse_HDSS_Low,0,GTV11,observed_export,29.120000000000076,28.36304999999998,0.831962105972179,-2.5994162087915273,28.47654996416238,28.363049999949922,19.800500869750977,18.246232986450195,-1.5542678833007812,23.092232370596005,22.874037578275157,-0.2181947923208476,-5.077278042894818,0.05
M00_03_Eclipse_HDSS_Low,0,GTV03,observed_export,5.952000000000016,3.681799999999999,0.6404721279994832,-38.141801075269,5.732439754540102,3.6817999999978395,19.11557388305664,18.47614288330078,-0.6394309997558594,21.667129532149566,21.905776349275705,0.23864681712613844,-3.2229442985861425,0.05
M00_03_Eclipse_HDSS_Low,0,GTV21,observed_export,119.48800000000031,111.71444999999999,0.8998972362306719,-6.505716055168975,118.44167378257906,111.71445000138068,19.861478805541992,19.68296241760254,-0.17851638793945312,23.79603304173006,23.835379266240412,0.03934622451035352,-0.3780786681907671,0.05
M00_03_Eclipse_HDSS_Low,0,GTV13,observed_export,29.76000000000008,23.968899999999973,0.8087813667661015,-19.459341397849773,29.0916396249521,23.968899999970102,19.759244918823242,19.543912887573242,-0.21533203125,23.34919362424782,23.677850041522685,0.32865641727486405,-0.1370879361828088,0.05
M00_03_Eclipse_HDSS_Low,0,GTV07,observed_export,29.504000000000076,27.257799999999996,0.847762907407534,-7.613204989154266,28.86298061680151,27.257800000088817,19.608999252319336,18.782012939453125,-0.8269863128662109,22.63152893655809,22.58623235763098,-0.04529657892711114,-4.985034468012131,0.05
M00_03_Eclipse_HDSS_Low,0,GTV04,observed_export,5.952000000000016,6.4761,0.7923909885638849,8.805443548386794,5.732439754540102,6.476100000001165,19.31584358215332,17.7139892578125,-1.6018543243408203,21.725842341392077,21.218841414645016,-0.507000926747061,-16.07763349299192,0.05
M00_03_Eclipse_HDSS_Low,0,GTV22,observed_export,119.48800000000031,109.55559999999994,0.8975692732317586,-8.312466523835315,118.44167378257906,109.55559999959583,20.03839111328125,20.50774383544922,0.46935272216796875,24.28392913589326,24.46695213883079,0.1830230029375315,0.7271683200949042,0.05
M00_03_Eclipse_HDSS_Low,0,GTV08,observed_export,29.504000000000076,30.617049999999995,0.8458084321247428,3.772539316702539,28.86298061680151,30.617050000023465,18.921371459960938,17.71476936340332,-1.2066020965576172,23.37634709517672,23.018774722850257,-0.35757237232646233,-6.214330828636605,0.05
M00_03_Eclipse_HDSS_Low,0,GTV12,observed_export,29.120000000000076,26.442850000000007,0.8366633104491932,-9.193509615384832,28.47654996416238,26.442850000023874,20.229259490966797,20.192773818969727,-0.03648567199707031,23.454365884151038,23.471811842550725,0.0174459583996871,-0.19748991080875555,0.05
M00_03_Eclipse_HDSS_Low,0,GTV06,observed_export,29.50400000000001,27.6091,0.8746703380811892,-6.422518980477243,28.93662500009266,27.609100000069827,20.12164306640625,18.89921760559082,-1.2224254608154297,23.683090760124443,23.633500959132498,-0.049589800991945765,-3.1801835984758924,0.05
M00_03_Eclipse_HDSS_Low,0,GTV05,observed_export,29.50400000000001,32.491200000000006,0.8491272671511507,10.12472885032536,28.93662500009266,32.49119999996989,19.80098533630371,16.308454513549805,-3.4925308227539062,23.04276699257797,22.397914337489524,-0.6448526550884459,-12.670046213886621,0.05
M00_03_Eclipse_HDSS_Low,0,GTV10,observed_export,28.992000000000008,27.803000000000004,0.8643822892740619,-4.101131346578379,28.38750000009004,27.802999999999223,18.95914649963379,17.776737213134766,-1.1824092864990234,22.76713287688962,22.616048468734586,-0.15108440815503243,-3.264052569374158,0.05
M00_03_Eclipse_HDSS_Low,0,GTV23,observed_export,120.00000000000031,116.77485000000001,0.8998666808613491,-2.6876250000002377,118.95336677287725,116.7748500001583,19.978321075439453,19.210874557495117,-0.7674465179443359,23.12667686593694,23.077964225724358,-0.048712640212581704,-3.096492593196089,0.05
M00_03_Eclipse_HDSS_Low,0,GTV19,observed_export,119.61600000000003,116.09874999999998,0.9155577173543106,-2.940451110219411,118.42487499806361,116.09875000106801,19.73756217956543,19.517301559448242,-0.2202606201171875,23.708735838621415,23.69308356355104,-0.015652275070376476,-0.6227072324614937,0.05
M00_03_Eclipse_HDSS_Low,0,GTV20,observed_export,119.61600000000003,114.50480000000002,0.9195616437511064,-4.27300695559123,118.42487499806361,114.50480000129389,19.918516159057617,20.239233016967773,0.32071685791015625,24.19219406833276,24.265853202773783,0.0736591344410229,0.5981856086066983,0.05
M00_Monaco,0,GTV01,observed_export,5.952000000000002,3.6699999999999995,0.7237580544585324,-38.340053763440885,5.729999999997983,3.670000000002361,19.32238006591797,19.28158187866211,-0.040798187255859375,22.30391722042477,22.49665735932644,0.19274013890167296,-1.6723871784583935,0.05
M00_Monaco,0,GTV02,observed_export,5.952000000000002,5.34,0.8521063551546242,-10.282258064516158,5.729999999997983,5.339999999997213,19.23744773864746,18.584251403808594,-0.6531963348388672,21.733604707858703,21.718722307359144,-0.014882400499558912,-3.8987742819418543,0.05
M00_Monaco,0,GTV03,observed_export,5.952000000000016,3.81,0.7221829862247979,-35.98790322580662,5.732439754540102,3.810000000001198,19.11557388305664,16.752912521362305,-2.362661361694336,21.667129532149566,21.94396470073723,0.2768351685876631,2.5632504853549847,0.05
M00_Monaco,0,GTV04,observed_export,5.952000000000016,5.535000000000002,0.8187001867982325,-7.006048387096985,5.732439754540102,5.534999999996921,19.31584358215332,18.662425994873047,-0.6534175872802734,21.725842341392077,21.659090884812688,-0.06675145657938941,-5.035165239274093,0.05
M00_Monaco,0,GTV05,observed_export,29.50400000000001,25.515,0.8726250159438084,-13.52020065075924,28.93662500009266,25.5150000000033,19.80098533630371,19.484344482421875,-0.31664085388183594,23.04276699257797,23.26417404491973,0.2214070523417604,-0.7853211045042912,0.05
M00_Monaco,0,GTV06,observed_export,29.50400000000001,27.69000000000001,0.883433413959269,-6.148318872017356,28.93662500009266,27.68999999994059,20.12164306640625,18.864986419677734,-1.2566566467285156,23.683090760124443,23.63819941287852,-0.044891347245922475,-3.218655392063283,0.05
M00_Monaco,0,GTV07,observed_export,29.504000000000076,25.895000000000003,0.8780045911711832,-12.232239696312575,28.86298061680151,25.895000000008448,19.608999252319336,19.351409912109375,-0.25758934020996094,22.63152893655809,22.809572574432142,0.17804363787405109,-0.49745423712293757,0.05
M00_Monaco,0,GTV08,observed_export,29.504000000000076,28.285000000000004,0.8711247010158885,-4.1316431670284315,28.86298061680151,28.285000000026844,18.921371459960938,18.30208969116211,-0.6192817687988281,23.37634709517672,23.23454561653127,-0.1418014786454478,-3.8528149922629495,0.05
M00_Monaco,0,GTV09,observed_export,28.992000000000008,25.994999999999997,0.8616499855017462,-10.33733443708612,28.38750000009004,25.994999999977626,19.59442710876465,18.801931381225586,-0.7924957275390625,23.483991362204534,23.50301443113255,0.019023068928014197,-1.9608405449195487,0.05
M00_Monaco,0,GTV10,observed_export,28.992000000000008,26.829999999999995,0.8796085217898508,-7.4572295805739985,28.38750000009004,26.829999999933072,18.95914649963379,18.895116806030273,-0.06402969360351562,22.76713287688962,22.76175243465294,-0.005380442236678107,-1.0982548021168697,0.05
M00_Monaco,0,GTV11,observed_export,29.120000000000076,26.224999999999994,0.8573053494369222,-9.941620879121126,28.47654996416238,26.224999999954274,19.800500869750977,19.0782413482666,-0.722259521484375,23.092232370596005,23.108007995362687,0.015775624766682483,-1.9722352576912243,0.05
M00_Monaco,0,GTV12,observed_export,29.120000000000076,26.900000000000002,0.8787900919865997,-7.6236263736266014,28.47654996416238,26.900000000004198,20.229259490966797,20.137880325317383,-0.09137916564941406,23.454365884151038,23.46949294673118,0.015127062580141626,-0.30076162273989837,0.05
M00_Monaco,0,GTV13,observed_export,29.76000000000008,26.499999999999993,0.8600382083727864,-10.954301075269079,29.0916396249521,26.49999999994196,19.759244918823242,18.67359733581543,-1.0856475830078125,23.34919362424782,23.424791600806614,0.07559797655879308,-2.3276290615488335,0.05
M00_Monaco,0,GTV14,observed_export,29.76000000000008,28.294999999999995,0.8880773630560287,-4.922715053763715,29.0916396249521,28.29499999990758,20.064071655273438,20.08597183227539,0.021900177001953125,23.434086695716488,23.44607582602648,0.011989130309991936,0.08407991177546137,0.05
M00_Monaco,0,GTV15,observed_export,119.23200000000003,110.945,0.9121231991286074,-6.950315351583491,117.7232499980802,110.94500000014662,20.103891372680664,19.915008544921875,-0.18888282775878906,23.62662231998829,23.72184239944995,0.09522007946166156,-0.6130863286502262,0.05
M00_Monaco,0,GTV16,observed_export,119.23200000000003,116.03,0.9287414339439439,-2.685520665593155,117.7232499980802,116.03000000285365,19.908294677734375,19.538105010986328,-0.3701896667480469,23.6585663760957,23.631765919177234,-0.026800456918465443,-1.5396848289338294,0.05
M00_Monaco,0,GTV17,observed_export,119.23200000000031,111.775,0.9176453923693761,-6.254193505099548,118.18277248369847,111.77500000000832,20.22511100769043,20.08258819580078,-0.14252281188964844,23.92767422049837,24.032289586739175,0.10461536624080381,-0.5390142608836896,0.05
M00_Monaco,0,GTV18,observed_export,119.23200000000031,117.50999999999999,0.9230202929797422,-1.4442431561999425,118.18277248369847,117.51000000002227,19.89301872253418,19.267688751220703,-0.6253299713134766,23.556763202164465,23.49331106419455,-0.06345213796991445,-2.2650435033566225,0.05
M00_Monaco,0,GTV19,observed_export,119.61600000000003,114.49000000000002,0.9148625389076793,-4.2853798822899964,118.42487499806361,114.49000000032622,19.73756217956543,19.520599365234375,-0.2169628143310547,23.708735838621415,23.725010768904767,0.016274930283351807,-0.653950600457776,0.05
M00_Monaco,0,GTV20,observed_export,119.61600000000003,113.85000000000005,0.9187547991489204,-4.820425361155678,118.42487499806361,113.85000000090696,19.918516159057617,19.709674835205078,-0.20884132385253906,24.19219406833276,24.22902111791527,0.036827049582509375,-0.3583377104126697,0.05
M00_Monaco,0,GTV21,observed_export,119.48800000000031,115.86500000000001,0.9202812327249249,-3.032103642206996,118.44167378257906,115.86500000113188,19.861478805541992,19.814350128173828,-0.04712867736816406,23.79603304173006,23.801983850302307,0.005950808572247723,-0.11917038563753124,0.05
M00_Monaco,0,GTV22,observed_export,119.48800000000031,113.53999999999998,0.9151490415430772,-4.977905731119714,118.44167378257906,113.54000000090277,20.03839111328125,19.962066650390625,-0.076324462890625,24.28392913589326,24.35659339883676,0.07266426294350126,-0.15819132141801617,0.05
M00_Monaco,0,GTV23,observed_export,120.00000000000031,117.09,0.9221575409929317,-2.4250000000002547,118.95336677287725,117.09000000124645,19.978321075439453,19.329402923583984,-0.6489181518554688,23.12667686593694,23.101868704333885,-0.024808161603054657,-2.530921599863575,0.05
M00_Monaco,0,GTV24,observed_export,120.00000000000031,114.36999999999998,0.9232656719358049,-4.691666666666938,118.95336677287725,114.36999999933039,19.865535736083984,19.73226547241211,-0.133270263671875,23.118853974322647,23.184942125905607,0.06608815158296011,-0.4531290956560241,0.05
M01_Monaco,1,PTV01,observed_export,31.296000000000006,30.28000000000001,0.9063832388465607,-3.246421267893651,30.83800000010174,30.280000000099076,19.719972610473633,19.48715591430664,-0.2328166961669922,22.85750783642707,22.88796581359403,0.030457977166957306,-0.807736168544082,0.05
M01_Monaco,1,PTV02,observed_export,36.41600000000001,35.75,0.8911535816263362,-1.8288664323374615,36.02600000001208,35.749999999993506,19.504539489746094,18.738248825073242,-0.7662906646728516,22.6390320912572,22.546087764621916,-0.0929443266352834,-3.845938050170844,0.05
M01_Monaco,1,PTV03,observed_export,36.416000000000096,33.025000000000006,0.8835386169519597,-9.311840949033613,36.01699456546238,33.024999999898164,20.168819427490234,19.657608032226562,-0.5112113952636719,22.918366814223752,23.002620780060422,0.08425396583666966,-1.5048786905106226,0.05
M01_Monaco,1,PTV04,observed_export,36.416000000000096,33.834999999999994,0.8783009352698398,-7.087543936731366,36.01699456546238,33.834999999914366,20.668872833251953,19.971832275390625,-0.6970405578613281,23.52945739557781,23.532208394173516,0.0027509985957046013,-1.5089243455673653,0.05
M01_Monaco,1,PTV05,observed_export,101.95200000000003,97.10999999999999,0.9235186599935724,-4.749293785310771,101.0194999984752,97.11000000013813,20.147253036499023,19.94530487060547,-0.2019481658935547,23.464298193198797,23.52319491880477,0.05889672560597248,-0.7255883399597991,0.05
M01_Monaco,1,PTV06,observed_export,101.95200000000003,98.08999999999999,0.9021205546835164,-3.788057124921562,101.0194999984752,98.08999999947719,19.89785385131836,19.27716636657715,-0.6206874847412109,23.151849618726526,23.132353364043986,-0.019496254682540126,-2.448600032004208,0.05
M01_Monaco,1,PTV07,observed_export,101.95200000000027,95.09000000000002,0.913504116533327,-6.730618330194826,101.1118259713745,95.08999999926003,19.86285972595215,19.693981170654297,-0.16887855529785156,23.448946159272996,23.55634613713759,0.10739997786459554,-0.4959335597264811,0.05
M01_Monaco,1,PTV08,observed_export,101.95200000000027,98.34,0.9147117580979184,-3.5428436911490224,101.1118259713745,98.33999999948588,19.639564514160156,19.414257049560547,-0.22530746459960938,23.624690082535622,23.60274958405654,-0.02194049847908275,-1.0859587453278579,0.05
M02_Monaco,2,PTV09,observed_export,279.10400000000004,273.23999999999995,0.9390038777954071,-2.1010089429030376,277.07324999910355,273.2400000031235,19.691011428833008,18.500734329223633,-1.190277099609375,24.31751562622196,24.25421892893985,-0.06329669728211229,-1.6078501390269508,0.05
M02_Monaco,2,PTV10,observed_export,278.08000000000004,267.93499999999995,0.941369714253853,-3.6482307249712687,276.0352499988921,267.9349999974979,19.87480926513672,19.728410720825195,-0.14639854431152344,23.704897487130147,23.742612289078608,0.037714801948460774,-0.4337535879257217,0.05
M01_Monaco,1,PTV11,observed_export,104.89600000000027,99.49,0.9122122910846616,-5.153676021964859,104.0519019923405,99.49000000036148,20.18935775756836,19.900136947631836,-0.28922080993652344,23.291959161355322,23.321997548314,0.030038386958676,-0.8296003426847847,0.05
M01_Monaco,1,PTV12,observed_export,104.89600000000027,101.72000000000003,0.920978846418581,-3.027760829774473,104.0519019923405,101.71999999978877,20.191856384277344,19.96135139465332,-0.23050498962402344,24.073974557653337,24.08761475035916,0.013640192705825172,-0.578794477767488,0.05
M01_Monaco,1,PTV13,observed_export,108.35200000000029,103.54000000000002,0.9168150657416921,-4.441080921441465,107.51494992363463,103.53999999949095,19.971424102783203,19.610137939453125,-0.3612861633300781,22.76621748297865,22.782463622254163,0.01624613927551266,-1.3695258671936443,0.05
M01_Monaco,1,PTV14,observed_export,108.35200000000029,104.585,0.9213965779731976,-3.476631718842549,107.51494992363463,104.58500000005019,20.23572540283203,19.870927810668945,-0.36479759216308594,23.906028416920325,23.908170044000403,0.0021416270800784787,-0.9579477011409239,0.05
M02_Monaco,2,PTV15,observed_export,578.1120000000002,560.7199999999999,0.9507185926850992,-3.0084135945976365,575.6495000599315,560.7200000400726,19.979921340942383,19.944759368896484,-0.03516197204589844,23.497103456161142,23.545581544856883,0.04847808869574166,-0.08638297798566441,0.05
M01_Monaco,1,PTV16,observed_export,281.7920000000001,279.1600000000001,0.9452265413985388,-0.9340222575516699,280.5958749998212,279.1600000024892,20.14811897277832,19.61773681640625,-0.5303821563720703,23.457219489187842,23.420276937905406,-0.0369425512824364,-1.833064279288962,0.05
M01_Monaco,1,PTV17,observed_export,281.7920000000007,273.33000000000004,0.9390804482988756,-3.002924142630259,280.5463362515012,273.3300000033577,20.086484909057617,19.876388549804688,-0.2100963592529297,24.21373379574344,24.249978858443278,0.036245062699837405,-0.45264977224897507,0.05
M02_Monaco,2,PTV18,observed_export,578.1120000000016,568.2399999999999,0.9550151990217364,-1.7076275877341507,576.3581712798699,568.240000004692,19.858259201049805,19.764652252197266,-0.09360694885253906,23.727125027671146,23.747082884533878,0.01995785686273166,-0.31913553449250287,0.05
M01_Monaco,1,PTV19,observed_export,291.6480000000001,287.395,0.9410918643961149,-1.458264757515948,290.3442500018072,287.39500000113406,20.099111557006836,19.845033645629883,-0.2540779113769531,24.21830996438066,24.20163028374426,-0.01667968063639691,-0.6296243782981747,0.05
M02_Monaco,2,PTV20,observed_export,613.8240000000002,603.81,0.9540338170646214,-1.631412261495191,611.9788750673328,603.8100000113162,20.5269718170166,20.277042388916016,-0.24992942810058594,24.23127083070443,24.230630084276296,-0.000640746428135941,-0.5933932810575016,0.05
M01_Monaco,1,PTV21,observed_export,288.9600000000008,280.75,0.9429086936340689,-2.8412236987821027,287.75574868007527,280.749999994172,19.930879592895508,19.781938552856445,-0.1489410400390625,23.147380069241283,23.169765657900484,0.02238558865920126,-0.4337512415044955,0.05
M02_Monaco,2,PTV22,observed_export,608.1920000000016,595.2149999999999,0.9524952368056572,-2.1337011996214406,606.4380502680166,595.2150000443585,19.817821502685547,19.753488540649414,-0.06433296203613281,23.31791391962476,23.338060340032744,0.020146420407982646,-0.11468090303621636,0.05
M02_Monaco,2,PTV23,observed_export,604.0320000000016,594.7349999999999,0.9558635783120354,-1.5391568658616905,602.2698803708038,594.7350000084111,19.78386116027832,19.608257293701172,-0.17560386657714844,24.07590630891194,24.08922983613313,0.013323527221189124,-0.3702122578388156,0.05
M01_Monaco,1,PTV24,observed_export,289.4720000000008,281.37000000000006,0.942485162049685,-2.798889011718131,288.2637311502741,281.36999999804794,19.87938690185547,19.795143127441406,-0.0842437744140625,23.240837663242765,23.276716201866712,0.03587853862394752,-0.1693528233088415,0.05
